,0
0,恒大曹家巷广场
1,龙湖上城
2,首开龙湖紫宸
3,正成拉斐
4,一品天下C区
5,西城公馆
6,西西里二期
7,旭辉江山和鸣
8,绿地世纪城
9,工人村
10,金都花园
11,绿地世纪城
12,树蓓巷1号院
13,西线阳光
14,金沙美邻一期
15,瑞安城中汇
16,龙湖源著别墅
17,一品荷花
18,金牛状元府邸
19,瑞安城中汇
20,百寿路2号院
21,凯丽豪景
22,德商新希望·国宾锦麟天玺
23,中南樾府
24,星辉中路10号院
25,恒大西锦城
26,金地嘉年华城
27,华侨城纯水岸一期
28,凯瑞花都
29,蓝光富丽碧蔓汀
30,中南樾府
31,瑞安城中汇
32,金域港湾
33,金地嘉年华城
34,金牛万达c组团
35,阳曦芙蓉城
36,电建地产洺悦玺
37,中环西岸观邸
38,抚琴北三巷3号院
39,西西里二期
40,龙湖上城
41,恒大曹家巷广场
42,恒大曹家巷广场
43,恒大曹家巷广场
44,华侨城原岸
45,华侨城纯水岸一期
46,青房尚瑞天韵
47,金沙御苑
48,曹家巷恒大雅苑
49,保利天和
50,保利两河森林别墅
51,文华路14号院
52,西城公馆
53,华侨城纯水岸二期
54,旭辉江山和鸣
55,泉水南苑
56,映日荷花
57,和谐家园
58,金地嘉年华城
59,蓝光富丽碧蔓汀
60,远洋朗郡
61,恒大西锦城
62,远洋朗郡
63,百寿路7号院
64,华侨城原岸
65,德商新希望·国宾锦麟天玺
66,中南樾府
67,高家庄赞城
68,工人村
69,正成拉斐
70,荣光巷2号院
71,华侨城东岸
72,金地嘉年华城
73,华宇锦城名都
74,远洋朗郡
75,春语花间
76,阳曦芙蓉城
77,瑞安城中汇
78,恒大曹家巷广场
79,蓝光富丽城
80,御都花园别墅
81,泉水人家三期A区
82,德意馨苑
83,万科锦西润园
84,和谐家园
85,瑞安城中汇
86,水晶花园
87,金沙御苑
88,旭辉江山和鸣
89,华侨城天鹅堡
90,百佳庭院
91,香山苑
92,华侨城原岸
93,青房尚瑞天韵
94,卓越云际
95,四季香榭
96,恒大曹家巷广场
97,泰基花语廊
98,碧桂园城市花园
99,金都花园
100,星辉西路8号院
101,恒大曹家巷广场
102,尚锦城
103,檀香花园
104,卓越云际
105,金牛花园
106,白鸽岛尚
107,恒大曹家巷广场公寓
108,首开龙湖紫宸
109,恒大曹家巷广场
110,恒大曹家巷广场
111,华侨城天鹅堡
112,中南樾府
113,金泉阳光雅新苑
114,金科苑中街103号院
115,华侨城东岸
116,协和花苑
117,东原亲亲里
118,德商新希望·国宾锦麟天玺
119,华侨城纯水岸二期
120,营康西路29号院
121,欣园
122,蓝光花满庭一期
123,中环西岸观邸
124,白鸽岛尚
125,红帆风林假日
126,中环西岸观邸
127,华侨城纯水岸一期
128,中加水岸
129,旭辉江山和鸣
130,迪康银色诗典
131,新桥逸景C区
132,金地嘉年华城
133,保利梧桐语
134,华侨城纯水岸208区
135,旭辉江山和鸣
136,金房星座
137,翡翠海湾
138,瑞安城中汇
139,飞大壹号广场
140,一品荷花
141,白鸽岛尚
142,恒业星园
143,恒大曹家巷广场
144,金地嘉年华城
145,华侨城纯水岸三期
146,水映兰庭
147,恒大曹家巷广场
148,澳林春天
149,中环西岸观邸
150,炎华置信花千集
151,营通街181号院
152,荣光巷2号院
153,华侨城纯水岸三期
154,金都花园
155,电建地产洺悦玺
156,工人村
157,华侨城纯水岸二期
158,旭辉江山和鸣
159,千和馨城
160,远洋朗郡
161,金沙国际花园
162,碧园公寓
163,正成拉斐
164,金牛花园
165,金牛万达a组团
166,千和馨城
167,汇融名城
168,智慧康城
169,恒大曹家巷广场
170,碧桂园城市花园
171,金牛万达a组团
172,卓越云际
173,阳光金沙
174,平福里
175,锦汇花园
176,锦熙玉苑
177,芙蓉华庭
178,五里墩横街43号院
179,万科金域西岭
180,恒大曹家巷广场
181,马鞍北路51号院
182,华侨城天鹅堡
183,华侨城纯水岸二期
184,中南樾府
185,星辉西路8号院
186,汇融名城
187,锦泰世家
188,华侨城原岸
189,绿地世纪城
190,水岸汇景
191,泰逸美景
192,远洋朗郡
193,金牛状元府邸
194,华侨城原岸
195,德商新希望·国宾锦麟天玺
196,华侨城东岸
197,恒业星园
198,金牛万达c组团
199,中南樾府
200,鑫源公寓
201,正成拉斐
202,绿地世纪城
203,马鞍北路51号院
204,星辉中路14号院
205,阳曦芙蓉城
206,保利两河森林别墅
207,蓝光富丽碧蔓汀
208,西西里一期
209,千和馨城
210,檀香花园
211,金牛万达a组团
212,金地嘉年华城
213,恒大曹家巷广场
214,金牛万达d组团
215,正成拉斐
216,香山苑
217,绿地世纪城
218,华侨城纯水岸一期
219,中南樾府
220,营中巷32号院
221,华侨城原岸
222,金牛万达b组团
223,锋尚阳光
224,华侨城纯水岸三期
225,金沙国际花园
226,龙门镇
227,明阳家在回廊
228,华侨城原岸
229,中环西岸观邸
230,首开龙湖紫宸
231,华侨城东岸
232,蜀汉路31号院
233,华侨城东岸
234,华侨城东岸
235,阳曦芙蓉城
236,远洋朗郡
237,恒大曹家巷广场
238,中环西岸观邸
239,佳乐云锦阁
240,黄忠二期
241,恒大曹家巷广场
242,荣光巷1号院
243,金地嘉年华城
244,恒大曹家巷广场
245,府河苑
246,蓝光花满庭一期
247,华侨城天鹅堡
248,金牛万达d组团
249,金地嘉年华城
250,华欣园
251,龙湖北城天街一期
252,西城公馆
253,檀香花园
254,恒大曹家巷广场
255,金牛花园
256,华侨城东岸
257,华侨城原岸
258,旭辉江山和鸣
259,龙湖源著
260,德商新希望·国宾锦麟天玺
261,华侨城纯水岸二期
262,百寿路9号院
263,龙湖北城天街二期
264,恒大曹家巷广场
265,营福巷84号院
266,蓝光富丽碧蔓汀
267,中南樾府
268,恒大曹家巷广场
269,旭辉江山和鸣
270,香山苑
271,蓝光富丽碧蔓汀
272,佳乐云锦阁
273,金牛万达d组团
274,汇景新村一期
275,恒大曹家巷广场
276,碧桂园城市花园
277,益民苑
278,曹家巷恒大雅苑
279,凯瑞花都
280,德意馨苑
281,华侨城东岸
282,中南樾府
283,白鸽岛尚
284,协和花苑
285,锦熙玉苑
286,绿地世纪城
287,绿地世纪城
288,同兴小区
289,府青路一段34号院
290,金府路6号院
291,御都花园别墅
292,青羊小区(成都)
293,华侨城东岸
294,中南樾府
295,保利国宾首府
296,华侨城纯水岸一期
297,华侨城纯水岸一期
298,碧桂园城市花园
299,华侨城原岸
300,恒大曹家巷广场
301,天地芳苑
302,金地嘉年华城
303,西线阳光
304,华夏之家
305,绿地世纪城
306,欣民苑
307,恒大曹家巷广场
308,金地嘉年华城
309,金沙御苑
310,中南樾府
311,居然小区
312,恒大曹家巷广场
313,瑞安城中汇
314,保利两河森林别墅
315,华侨城纯水岸二期
316,千和馨城
317,前锋小区
318,龙湖上城
319,蓝光富丽碧蔓汀
320,金牛万达a组团
321,瑞安城中汇
322,金牛万达c组团
323,中南樾府
324,旭辉江山和鸣
325,新绿苑
326,人和逸景
327,华侨城纯水岸三期
328,保利公园里
329,百寿路9号院
330,远洋朗郡
331,新绿苑
332,华侨城东岸
333,凯丽豪景
334,恒大曹家巷广场
335,电建地产洺悦府
336,龙湖北城天街一期
337,工人村
338,悦民苑
339,恒大曹家巷广场
340,金都花园
341,平景苑西区
342,龙湖北城天街一期
343,佳乐云锦阁
344,金牛万达c组团
345,泉水人家三期A区
346,绿地世纪城
347,保利国宾首府
348,中环西岸观邸
349,德商新希望·国宾锦麟天玺
350,现代北苑
351,马鞍东路社区
352,外曹家巷23号院
353,两河锦地
354,炎华置信花千集
355,万科金域西岭
356,华侨城原岸
357,华侨城纯水岸二期
358,华侨城原岸
359,瑞安城中汇
360,营和街9号院
361,熙城国际
362,城市绿舟花园
363,恒大曹家巷广场
364,恒大曹家巷广场
365,佳乐云锦阁
366,恒大曹家巷广场
367,龙湖北城天街一期
368,锦熙玉苑
369,恒大曹家巷广场
370,城市绿舟花园
371,金地嘉年华城
372,恒大曹家巷广场
373,龙门镇
374,绿地世纪城
375,平福里
376,抚琴西路南一巷1号院
377,筒车巷29号院
378,德意馨苑
379,老会展现代城
380,华侨城东岸
381,恒大曹家巷广场
382,正成拉斐
383,恒大曹家巷广场
384,华欣园
385,龙湖源著
386,金牛万达b组团
387,佳乐云锦阁
388,华西园
389,万科国宾润园
390,蜀通街10号院
391,华侨城原岸
392,华宇锦城名都
393,恒大曹家巷广场
394,锦汇花园
395,青羊小区(成都)
396,佳乐云锦阁
397,尚锦城
398,锦城花园
399,蓝光富丽碧蔓汀
400,紫金乐章
401,华侨城东岸
402,远洋朗郡
403,金牛万达d组团
404,怡泽苑
405,金沙美邻丽雅苑
406,中房北极星花园
407,惠民苑
408,德商新希望·国宾锦麟天玺
409,幸福枫景
410,白鸽岛尚
411,西城上域
412,凯瑞花都
413,德商新希望·国宾锦麟天玺
414,龙湖北城天街一期
415,中南樾府
416,恒大曹家巷广场
417,中南樾府
418,平福路92号院
419,中南樾府
420,交大智能五期
421,白鸽岛尚
422,阳曦芙蓉城
423,蓝光富丽碧蔓汀
424,三和花园
425,马鞍东路社区
426,西锦国际一期
427,恒大曹家巷广场
428,佳乐云锦阁
429,一环路北三段2号院
430,首开龙湖紫宸
431,蓝光花满庭一期
432,旭辉江山和鸣
433,水晶花园
434,曹家巷恒大雅苑
435,恒大曹家巷广场
436,金沙美邻一期
437,远洋朗郡
438,金牛万达d组团
439,恒大曹家巷广场
440,恒大曹家巷广场
441,华侨城东岸
442,阳曦芙蓉城
443,尚锦城
444,首开龙湖紫宸
445,飞大壹号广场
446,金牛万达c组团
447,华侨城天鹅堡
448,绿杨新邨
449,悦民苑
450,金牛状元府邸
451,汇融名城
452,蓝色空间
453,旭辉江山和鸣
454,营福庭院
455,电建地产洺悦府
456,德商新希望·国宾锦麟天玺
457,华侨城纯水岸一期
458,华侨城纯水岸一期
459,交大智能六期
460,张家巷社区
461,瑞安城中汇
462,中南樾府
463,东原亲亲里
464,营康路61号院
465,绿地世纪城
466,中南樾府
467,中南樾府
468,西西里一期
469,瑞安城中汇
470,炎华置信花千集
471,北站东二路11号院
472,首开龙湖紫宸
473,蓝光富丽碧蔓汀
474,金牛万达b组团
475,中环西岸观邸
476,簸箕巷66号院
477,蓝光富丽碧蔓汀
478,西延锦绣
479,中加水岸
480,瑞安城中汇
481,万科金域西岭
482,恒大曹家巷广场
483,旭辉江山和鸣
484,益民苑
485,首开龙湖紫宸
486,撷英卉苑
487,保利梧桐语
488,旭辉江山和鸣
489,电建地产洺悦玺
490,营福巷84号院
491,西西里一期
492,飞大壹号广场
493,青房尚瑞天韵
494,中南樾府
495,前锋小区
496,龙湖上城
497,佳乐云锦阁
498,绿地世纪城
499,新村河边街11号院
500,龙湖源著
501,瑞安城中汇
502,幸福枫景
503,恒大曹家巷广场
504,中南樾府
505,卓越云际
506,保利堂悦
507,飞大壹号广场
508,蜀通街10号院
509,新绿苑
510,首开龙湖紫宸
511,锦西民园
512,华侨城纯水岸二期
513,天合凯旋港
514,蓝光花满庭一期
515,百寿路9号院
516,成勘苑
517,华侨城天鹅堡
518,润泽园二期
519,龙湖上城
520,两河锦地
521,金房水韵天府
522,明阳家在回廊
523,首开龙湖紫宸
524,千和馨城
525,德意馨苑
526,中南樾府
527,城市绿舟花园
528,康品
529,华侨城原岸
530,佳乐云锦阁
531,恒大曹家巷广场公寓
532,抚琴西南路12号院
533,金房水韵天府
534,蓝光富丽碧蔓汀
535,华侨城纯水岸一期
536,凯丽豪景
537,华侨城纯水岸三期
538,中南樾府
539,水岸汇景
540,金牛万达a组团
541,中南樾府
542,阳曦芙蓉城
543,光荣北路87号院
544,天地芳苑
545,华侨城纯水岸一期
546,金牛万达a组团
547,华凌尚城
548,泰基花语廊
549,金牛万达d组团
550,汇融名城
551,欣园二期
552,佳乐云锦阁
553,保利两河森林
554,曹家巷恒大雅苑
555,保利两河森林别墅
556,保利两河森林别墅
557,新绿苑
558,花牌坊街161号院
559,馨宁居
560,万福花园
561,保利梧桐语
562,万科锦西润园
563,德商新希望·国宾锦麟天玺
564,西西里二期
565,德商新希望·国宾锦麟天玺
566,书香门第
567,炎华置信花千集公寓
568,紫金花园
569,欣园二期
570,和谐家园
571,龙湖上城
572,绿杨新邨
573,恒大曹家巷广场
574,华侨城纯水岸三期
575,恒大曹家巷广场
576,润泽园二期
577,曹家巷恒大雅苑
578,高家庄赞城
579,首开龙湖紫宸
580,东原亲亲里
581,金璐天下
582,恒大曹家巷广场
583,华侨城原岸
584,新桥逸景A区
585,恒大曹家巷广场
586,中加水岸
587,中南樾府
588,欣园二期
589,尚锦城
590,禾嘉利好
591,华侨城纯水岸二期
592,华侨城原岸
593,绿杨新邨
594,金牛万达a组团
595,西城上域
596,绿地世纪城
597,华侨城纯水岸三期
598,金牛万达a组团
599,西线阳光
600,金房水韵天府
601,西锦国际一期
602,龙湖源著
603,尚锦城
604,中南樾府
605,黄忠二期惠民苑
606,西城上域
607,蓝色空间
608,保利国宾首府
609,禾嘉利好
610,育苗路8号院
611,育苗路8号院
612,中南樾府
613,中南樾府
614,金牛万达a组团
615,青羊北路3号院
616,福祥家园瑞福苑
617,抚琴街南四巷1号院
618,千和银杏
619,绿地世纪城
620,瑞安城中汇
621,远洋朗郡
622,白鸽岛尚
623,恒大曹家巷广场
624,保利公园里
625,华侨城纯水岸二期
626,华夏之家
627,海滨苑
628,中南樾府
629,中环西岸观邸
630,北星城
631,天羽揽月
632,旭辉江山和鸣
633,恒大曹家巷广场
634,华侨城原岸
635,荷花名都
636,中南樾府
637,居然小区
638,电建地产洺悦玺
639,恒大曹家巷广场
640,水岸汇景
641,恒大曹家巷广场
642,首开龙湖紫宸
643,阳曦芙蓉城
644,绿地世纪城
645,德商新希望·国宾锦麟天玺
646,营康西路184号院
647,华侨城天鹅堡
648,保利两河森林别墅
649,中环西岸观邸
650,电建地产洺悦玺
651,万科金域西岭
652,电建地产洺悦玺
653,城市绿舟花园
654,两河锦地
655,翠堤雅筑
656,水岸汇景
657,金府世家
658,恒大曹家巷广场
659,华凌尚城
660,恒大曹家巷广场
661,金沙御苑
662,华凌尚城
663,城市绿舟花园
664,碧桂园城市花园
665,檀香花园
666,恒大曹家巷广场
667,华侨城原岸
668,檀香花园
669,金牛万达b组团
670,恒大曹家巷广场
671,红旗巷5号院
672,万科国宾润园
673,青房天韵华庭
674,金牛万达d组团
675,香山苑
676,华欣园
677,阳曦芙蓉城
678,银沙新居
679,抚琴西路108号院
680,龙门镇
681,炎华置信花千集
682,青房尚瑞天韵
683,华侨城纯水岸二期
684,恒大曹家巷广场
685,上层建筑
686,西西里二期
687,华侨城东岸
688,北辰花园
689,飞大壹号广场
690,青房尚瑞天韵
691,尚锦城
692,保利梧桐语
693,金地嘉年华城
694,凯瑞花都
695,中环西岸观邸
696,绿地世纪城
697,翡翠海湾
698,卓越云际
699,华侨城原岸
700,保利梧桐语
701,华侨城纯水岸三期
702,恒大西锦城
703,龙湖北城天街一期
704,德商新希望·国宾锦麟天玺
705,恒大曹家巷广场
706,保利公园里
707,水岸汇景
708,东原亲亲里
709,保利公园里
710,炎华置信花千集
711,华侨城东岸
712,水岸汇景
713,华侨城纯水岸三期
714,燕宇康品
715,电建地产洺悦府
716,蓝光富丽碧蔓汀
717,营康路61号院
718,金沙国际花园
719,芙蓉华庭
720,锦汇花园
721,旭辉江山和鸣
722,一品荷花
723,保利梧桐语
724,芙蓉华庭
725,益民苑
726,外曹家巷23号院
727,保利梧桐语
728,凯瑞花都
729,荣光巷1号院
730,恒大曹家巷广场
731,纯溪公寓
732,成勘苑
733,恒大西锦城
734,沙河凤凰城
735,恒大曹家巷广场
736,金牛万达a组团
737,城市绿舟花园
738,华侨城东岸
739,檀香花园
740,欣园二期
741,阳曦芙蓉城
742,华侨城原岸
743,恒大西锦城
744,协和花苑
745,恒业星园
746,蓝光富丽碧蔓汀
747,星辉西路8号院
748,幸福枫景
749,天地芳苑
750,正成拉斐
751,马鞍东路社区
752,恒大曹家巷广场
753,新绿苑
754,城市绿舟花园
755,交大智能九期
756,蓝光金悦金沙
757,华宇锦城名都
758,华欣园
759,金房水韵天府
760,香榭里公交苑
761,恒大曹家巷广场
762,金牛万达b组团
763,绿地世纪城
764,星辉西路8号院
765,华侨城原岸
766,金房水韵天府
767,恒大曹家巷广场
768,书香门第
769,绿地世纪城
770,沙湾东一路6号院
771,水映兰庭
772,远洋朗郡
773,瑞安城中汇
774,两河锦地
775,华西园
776,龙湖源著
777,金地嘉年华城
778,抚琴西路南一巷1号院
779,保利梧桐语
780,远洋朗郡
781,炎华置信花千集
782,炎华置信花千集
783,远洋朗郡
784,金牛万达c组团
785,金牛万达a组团
786,北斗七星城
787,飞大壹号广场
788,营中巷32号院
789,首开龙湖紫宸
790,金牛万达a组团
791,中南樾府
792,马鞍东路社区
793,上层建筑
794,华侨城原岸
795,银沙公寓
796,西城丽舍
797,荣光巷2号院
798,平福巷4号院
799,金地嘉年华城
800,金牛万达d组团
801,西西里二期
802,瑞升城北橡树林
803,檀香花园
804,华侨城纯水岸一期
805,西延锦绣
806,绿地世纪城
807,迎宾大道一号
808,飞大壹号广场
809,恒大曹家巷广场公寓
810,一品荷花
811,中环西岸观邸
812,绿地世纪城
813,卓越云际
814,白鸽岛尚
815,炎华置信花千集
816,恒大曹家巷广场
817,金桔花园二期南苑
818,西体路新二村社区
819,万科锦西润园
820,华侨城天鹅堡
821,恒大西锦城
822,红旗巷5号院
823,西西里二期
824,西线阳光
825,龙湖上城
826,华西园
827,卓越云际
828,华侨城原岸
829,万科金域西岭
830,书香门第
831,营通街181号院
832,金地嘉年华城
833,首开龙湖紫宸
834,锦城世家
835,华侨城天鹅堡
836,旭辉江山和鸣
837,万科国宾润园
838,正成拉斐
839,华侨城东岸
840,恒大曹家巷广场
841,金都花园
842,绿地世纪城
843,锦泰世家
844,白鸽岛尚
845,佳乐云锦阁
846,蓝光金悦金沙
847,保利国宾首府
848,澳林春天
849,万科金域西岭
850,百寿路9号院
851,远洋朗郡
852,金牛万达d组团
853,云上观邸项目
854,泰基花语廊
855,蓝光金悦金沙
856,中环西岸观邸
857,中南樾府
858,西西里二期
859,中南樾府
860,瑞升城北橡树林
861,金沙美邻一期
862,天羽揽月
863,远洋朗郡
864,保利公园里
865,恒大曹家巷广场
866,绿杨新邨
867,大院人家
868,龙门镇
869,仁和迎宾
870,金沙国际花园
871,佳乐云锦阁
872,龙湖源著
873,中环西岸观邸
874,凯瑞花都
875,蓝光富丽城
876,恒大曹家巷广场
877,龙湖源著别墅
878,银沙北街91号院
879,金地嘉年华城
880,千和馨城
881,金地嘉年华城
882,瑞升城北橡树林
883,华侨城东岸
884,华凌尚城
885,黄忠三期
886,工人村
887,兴顺花苑
888,西城天下
889,金牛花园
890,龙湖上城
891,佳乐云锦阁
892,德商新希望·国宾锦麟天玺
893,恒大曹家巷广场
894,恒大曹家巷广场
895,大院人家
896,中南樾府
897,抚琴南路小区
898,德商新希望·国宾锦麟天玺
899,恒福苑
900,花照壁小区
901,中南樾府
902,金牛状元府邸
903,幸福枫景
904,树蓓街42号院
905,华侨城纯水岸一期
906,蓝光富丽碧蔓汀
907,中南樾府
908,华侨城天鹅堡
909,锦城世家
910,明阳家在回廊
911,华侨城天鹅堡
912,中南樾府
913,金牛万达d组团
914,瑞安城中汇
915,华侨城纯水岸二期
916,银沙正街2号院
917,华侨城天鹅堡
918,蓝光富丽碧蔓汀
919,华侨城纯水岸一期
920,恒大曹家巷广场
921,保利国宾首府
922,炎华置信花千集
923,金牛万达d组团
924,正成拉斐
925,瑞安城中汇
926,平安正街43号院
927,金牛万达d组团
928,御都花园别墅
929,绿洲华苑
930,西西里二期
931,中房北极星花园
932,海滨苑
933,水晶花园
934,抚琴街北二巷3号院
935,凤栖桐
936,阳曦芙蓉城
937,恒大曹家巷广场
938,龙湖北城天街一期
939,凯丽豪景
940,电建地产洺悦府
941,德商新希望·国宾锦麟天玺
942,万科锦西润园
943,恒大西锦城
944,德商新希望·国宾锦麟天玺
945,东原亲亲里
946,三和花园
947,旭辉江山和鸣
948,九里西苑C区
949,恒大曹家巷广场
950,阳曦芙蓉城
951,保利梧桐语
952,檀香花园
953,尚锦城
954,碧桂园城市花园
955,保利梧桐语
956,金沙御苑
957,金地嘉年华城
958,金牛万达a组团
959,华侨城东岸
960,龙湖源著
961,德商新希望·国宾锦麟天玺
962,青房尚瑞天韵
963,华欣园
964,金科苑中街103号院
965,远洋朗郡
966,佳乐云锦阁
967,恒大曹家巷广场
968,青房天韵华庭
969,西线阳光
970,龙门镇
971,电建地产洺悦玺
972,阳曦芙蓉城
973,恒大曹家巷广场
974,九里欣园
975,曹家巷恒大雅苑
976,锦汇花园
977,恒大曹家巷广场
978,华侨城原岸
979,和谐家园
980,旭辉江山和鸣
981,绿地世纪城
982,全兴花园
983,中南樾府
984,华侨城纯水岸二期
985,旭辉江山和鸣
986,恒大曹家巷广场
987,华侨城纯水岸三期
988,华侨城纯水岸二期
989,泉水人家三期A区
990,府河苑
991,檀香花园
992,华侨城天鹅堡
993,金牛万达a组团
994,百寿路2号院
995,蓝光富丽碧蔓汀
996,华侨城纯水岸208区
997,旭辉江山和鸣
998,电建地产洺悦玺
999,黄忠二期
1000,旭辉江山和鸣
1001,恒大曹家巷广场
1002,水岸汇景
1003,北京城建龙樾熙城
1004,华侨城原岸
1005,汇融名城
1006,正成拉斐
1007,恒大曹家巷广场
1008,锦城花园
1009,二环路北四段4号院
1010,新熙门
1011,瑞安城中汇
1012,电建地产洺悦府
1013,星辉东路19号院
1014,万科金域西岭
1015,华侨城东岸
1016,中环西岸观邸
1017,锦城世家
1018,保利梧桐语
1019,华宇锦城名都
1020,中南樾府
1021,卓越云际
1022,抚琴西南路12号院
1023,蓝光云鼎
1024,解放西路22号院
1025,碧桂园城市花园
1026,金房水韵天府
1027,蓝光富丽碧蔓汀
1028,佳乐云锦阁
1029,远洋朗郡
1030,佳乐云锦阁
1031,蓝光花满庭一期
1032,保利梧桐语
1033,金沙别致
1034,旭辉江山和鸣
1035,西西里一期
1036,金牛万达d组团
1037,首开龙湖紫宸
1038,金牛万达c组团
1039,佳乐云锦阁
1040,一品荷花
1041,西西里一期
1042,绿地世纪城
1043,万科国宾润园
1044,汇融名城
1045,华侨城原岸
1046,西城上域
1047,瑞升城北橡树林
1048,文华路14号院
1049,人和逸景
1050,远洋朗郡
1051,金牛万达d组团
1052,金域港湾
1053,卓越云际
1054,华侨城纯水岸208区
1055,马鞍东路社区
1056,西城星座
1057,华侨城东岸
1058,远洋朗郡
1059,金牛花园
1060,红旗巷5号院
1061,飞大壹号广场
1062,保利国宾首府
1063,成华街9号院
1064,站北苑
1065,一品荷花
1066,华侨城原岸
1067,汇融名城
1068,华侨城东岸
1069,西西里二期
1070,中南樾府
1071,府河苑
1072,恒大曹家巷广场
1073,书香门第
1074,润泽园一期
1075,万科金域西岭
1076,西西里二期
1077,西西里二期
1078,金地嘉年华城
1079,恒大西锦城
1080,汇融名城
1081,三和花园
1082,和谐家园
1083,中环西岸观邸
1084,华侨城纯水岸一期
1085,中南樾府
1086,华侨城东岸
1087,金牛万达a组团
1088,解放西路22号院
1089,中南樾府
1090,西锦国际一期
1091,恒大西锦城
1092,金牛花园
1093,金琴路164号院
1094,华侨城原岸
1095,金牛状元府邸
1096,保利梧桐语
1097,西线阳光
1098,福祥家园瑞康苑
1099,德商新希望·国宾锦麟天玺
1100,中南樾府
1101,华侨城纯水岸三期
1102,黄忠二期惠民苑
1103,瑞安城中汇
1104,旭辉江山和鸣
1105,华侨城纯水岸二期
1106,万科金域西岭
1107,西线阳光
1108,电建地产洺悦玺
1109,高家庄赞城
1110,华侨城纯水岸二期
1111,华侨城纯水岸一期
1112,万通金牛新都会
1113,远洋朗郡
1114,万科国宾润园
1115,抚琴西路南一巷1号院
1116,绿地世纪城
1117,保利梧桐语
1118,瑞安城中汇
1119,金牛万达c组团
1120,北星城
1121,金牛万达a组团
1122,瑞安城中汇
1123,营和街66号院
1124,中加水岸
1125,华侨城原岸
1126,金地嘉年华城
1127,金沙御苑
1128,绿地世纪城
1129,中南樾府
1130,万科锦西润园
1131,正成拉斐
1132,金沙美邻一期
1133,天悦城
1134,万科锦西润园
1135,金地嘉年华城
1136,蜀通街10号院
1137,文华路14号院
1138,金牛花园
1139,首开龙湖紫宸
1140,保利学府城
1141,檀香花园
1142,蓝光富丽碧蔓汀
1143,远洋朗郡
1144,金沙国际花园
1145,远洋朗郡
1146,正成拉斐
1147,保利公园里
1148,金牛花园
1149,德商新希望·国宾锦麟天玺
1150,绿地世纪城
1151,龙湖北城天街一期
1152,新桥逸景C区
1153,中环西岸观邸
1154,瑞安城中汇
1155,蓝光富丽城
1156,华欣园
1157,两河锦地
1158,绿杨新邨
1159,金牛万达d组团
1160,抚琴西南街45号院
1161,凤栖桐
1162,龙湖北城天街一期
1163,中南樾府
1164,旭辉江山和鸣
1165,瑞安城中汇
1166,华侨城天鹅堡
1167,正成拉斐
1168,中南樾府
1169,碧桂园城市花园
1170,中南樾府
1171,德意馨苑
1172,佳乐云锦阁
1173,星辉西路8号院
1174,西城星座
1175,明阳家在回廊
1176,同兴小区
1177,中南樾府
1178,卓越云际
1179,华侨城原岸
1180,华侨城原岸
1181,华宇锦城名都
1182,尚锦城
1183,高家庄赞城
1184,两河锦地
1185,恒大曹家巷广场
1186,金地嘉年华城
1187,金牛万达a组团
1188,金牛万达b组团
1189,华侨城东岸
1190,城市绿舟花园
1191,万科锦西润园
1192,中南樾府
1193,华侨城东岸
1194,阳曦芙蓉城
1195,旭辉江山和鸣
1196,欣民苑
1197,保利梧桐语
1198,远洋朗郡
1199,燕宇康品
1200,佳乐云锦阁
1201,绿地世纪城
1202,金牛万达b组团
1203,西城天下
1204,华侨城纯水岸三期
1205,炎华置信花千集
1206,明阳家在回廊
1207,保利梧桐语
1208,西西里二期
1209,曹家巷恒大雅苑
1210,东原亲亲里
1211,华侨城东岸
1212,华侨城东岸
1213,金地嘉年华城
1214,万科加州湾
1215,龙湖西宸原著公寓
1216,一环路北三段2号院
1217,金牛万达d组团
1218,龙湖北城天街一期
1219,金色阳光
1220,金域港湾
1221,阳光金沙
1222,龙湖北城天街一期
1223,欣民苑
1224,中环西岸观邸
1225,华侨城纯水岸三期
1226,中环西岸观邸
1227,国宾时光汇
1228,北京城建龙樾熙城
1229,恒大曹家巷广场
1230,一环路北四段110号院
1231,和谐家园
1232,熙城国际
1233,中南樾府
1234,和谐家园
1235,龙湖上城
1236,红旗巷5号院
1237,城市绿舟花园
1238,智慧康城
1239,远洋朗郡
1240,迪康银色诗典
1241,汇融名城
1242,华侨城东岸
1243,中南樾府
1244,一环路北三段2号院
1245,华侨城东岸
1246,万科锦西润园
1247,水岸汇景
1248,瑞安城中汇
1249,高家庄赞城
1250,悦民苑
1251,华侨城东岸
1252,绿地世纪城
1253,金地嘉年华城
1254,协和花苑
1255,恒大曹家巷广场
1256,凯瑞花都
1257,撷英卉苑
1258,恒大西锦城
1259,凯瑞花都
1260,水晶花园
1261,营康西路29号院
1262,卓越云际
1263,曹家巷恒大雅苑
1264,北京城建龙樾熙城
1265,华侨城原岸
1266,飞大壹号广场
1267,龙湖北城天街一期
1268,蓝光富丽碧蔓汀
1269,福祥家园瑞祥苑
1270,华侨城原岸
1271,龙湖上城
1272,福林公寓
1273,西城公馆
1274,蓝光云鼎
1275,中南樾府
1276,和睦人家三期
1277,蓝光富丽城
1278,金沙国际花园
1279,檀香花园
1280,飞大壹号广场
1281,华侨城东岸
1282,德意馨苑
1283,金房水韵天府
1284,中环西岸观邸
1285,恒大曹家巷广场公寓
1286,曹家巷恒大雅苑
1287,瑞安城中汇
1288,水晶花园
1289,金房水韵天府
1290,中南樾府
1291,德商新希望·国宾锦麟天玺
1292,龙湖北城天街一期
1293,华侨城东岸
1294,龙湖源著
1295,万科金域西岭
1296,西线阳光
1297,阳曦芙蓉城
1298,九里西苑A区
1299,佳乐云锦阁
1300,恒大曹家巷广场
1301,佳乐云锦阁
1302,龙湖源著
1303,华侨城纯水岸二期
1304,飞大壹号广场
1305,金都花园
1306,首开龙湖紫宸
1307,中南樾府
1308,飞大壹号广场
1309,阳曦芙蓉城
1310,金牛万达c组团
1311,恒大曹家巷广场
1312,佳乐云锦阁
1313,中南樾府
1314,金牛万达a组团
1315,恒大曹家巷广场
1316,锦西雅苑
1317,同兴小区
1318,恒大曹家巷广场
1319,西西里一期
1320,百佳庭院
1321,青房尚瑞天韵
1322,九里堤公交苑
1323,蓝光花满庭一期
1324,汇融名城
1325,尚锦城
1326,兴元花园
1327,华侨城原岸
1328,远洋朗郡
1329,府河苑
1330,润泽园二期
1331,恒大曹家巷广场
1332,金鱼街60号院
1333,中南樾府
1334,和谐家园
1335,旭辉江山和鸣
1336,瑞安城中汇
1337,恒大曹家巷广场
1338,首开龙湖紫宸
1339,书香门第
1340,蓝光富丽碧蔓汀
1341,恒大曹家巷广场
1342,华侨城东岸
1343,金科苑中街103号院
1344,佳乐云锦阁
1345,华侨城东岸
1346,华侨城东岸
1347,佳乐云锦阁
1348,福祥家园瑞福苑
1349,华西园
1350,中环西岸观邸
1351,恒大西锦城
1352,星辉西路8号院
1353,禾嘉利好
1354,龙湖北城天街一期
1355,新桥逸景B区
1356,蓝光花满庭一期
1357,金都花园
1358,华侨城纯水岸二期
1359,飞大壹号广场
1360,高家庄赞城
1361,旭辉江山和鸣
1362,德商新希望·国宾锦麟天玺
1363,香山苑
1364,香山苑
1365,远洋朗郡
1366,和谐家园
1367,西西里二期
1368,旭辉江山和鸣
1369,成勘苑
1370,远洋朗郡
1371,明阳家在回廊
1372,马鞍北路8号院
1373,成勘苑
1374,千和馨城
1375,中南樾府
1376,百寿路7号院
1377,抚琴西南路12号院
1378,欣园二期
1379,唯特郡
1380,金地嘉年华城
1381,恒大曹家巷广场
1382,一品荷花
1383,二环路北四段4号院
1384,恒大曹家巷广场
1385,保利梧桐语
1386,红旗巷5号院
1387,智慧康城
1388,百寿路9号院
1389,北站东二路11号院
1390,曹家巷恒大雅苑
1391,恒大曹家巷广场
1392,香山苑
1393,保利两河森林别墅
1394,华欣园
1395,青房尚瑞天韵
1396,华侨城纯水岸二期
1397,白鸽岛尚
1398,中南樾府
1399,黄忠四期
1400,保利公园里
1401,新桥逸景B区
1402,青羊小区(成都)
1403,欣园二期
1404,瑞安城中汇
1405,西城天下
1406,单飞鑫雅苑
1407,北星城
1408,华侨城纯水岸二期
1409,尚锦城
1410,花照壁小区
1411,蜀通街10号院
1412,蜀通街10号院
1413,紫金乐章
1414,嘉寓天幕
1415,恒大曹家巷广场
1416,和睦人家一期
1417,金牛万达b组团
1418,蓝光富丽碧蔓汀
1419,龙门镇
1420,中南樾府
1421,电建地产洺悦府
1422,马鞍东路社区
1423,德商新希望·国宾锦麟天玺
1424,欣园二期
1425,保利国宾首府
1426,德商新希望·国宾锦麟天玺
1427,龙湖北城天街一期
1428,香山苑
1429,卓越云际
1430,华夏之家
1431,保利两河森林别墅
1432,恒大曹家巷广场
1433,马鞍东路社区
1434,阳曦芙蓉城
1435,黄忠一期
1436,平福巷2号院
1437,锦泰世家
1438,中环西岸观邸
1439,万科锦西润园
1440,绿地世纪城
1441,中南樾府
1442,成都N8天幕
1443,成勘苑
1444,高家庄赞城
1445,龙湖北城天街一期
1446,绿地世纪城
1447,电建地产洺悦玺
1448,中南樾府
1449,华侨城纯水岸二期
1450,府青路一段34号院
1451,阳曦芙蓉城
1452,檀香花园
1453,平福路92号院
1454,锦泰世家
1455,平景苑西区
1456,恒大曹家巷广场
1457,金沙御苑
1458,蓝光花满庭一期
1459,旭辉江山和鸣
1460,金地嘉年华城
1461,华侨城原岸
1462,中环西岸观邸
1463,高家庄赞城
1464,金地嘉年华城
1465,炎华置信花千集
1466,恒大曹家巷广场
1467,华侨城原岸
1468,瑞安城中汇
1469,恒大曹家巷广场
1470,凯瑞花都
1471,华侨城原岸
1472,保利天汇
1473,西城天下
1474,金盾苑
1475,保利梧桐语
1476,金地嘉年华城
1477,智慧康城
1478,凯瑞花都
1479,中环西岸观邸
1480,绿地世纪城
1481,翡翠海湾
1482,卓越云际
1483,华侨城原岸
1484,保利梧桐语
1485,迪康银色诗典
1486,汇融名城
1487,华侨城东岸
1488,电建地产洺悦府
1489,中南樾府
1490,华侨城东岸
1491,万科锦西润园
1492,华侨城纯水岸三期
1493,恒大西锦城
1494,龙湖北城天街一期
1495,水岸汇景
1496,德商新希望·国宾锦麟天玺
1497,恒大曹家巷广场
1498,保利公园里
1499,水岸汇景
1500,炎华置信花千集
1501,华侨城东岸
1502,瑞安城中汇
1503,水岸汇景
1504,华侨城纯水岸三期
1505,燕宇康品
1506,电建地产洺悦府
1507,蓝光富丽碧蔓汀
1508,马鞍东路社区
1509,营康路61号院
1510,旭辉江山和鸣
1511,一品荷花
1512,高家庄赞城
1513,保利梧桐语
1514,芙蓉华庭
1515,悦民苑
1516,益民苑
1517,外曹家巷23号院
1518,凯瑞花都
1519,华侨城东岸
1520,荣光巷1号院
1521,恒大曹家巷广场
1522,纯溪公寓
1523,成勘苑
1524,沙河凤凰城
1525,绿地世纪城
1526,恒大曹家巷广场
1527,金牛万达a组团
1528,城市绿舟花园
1529,金地嘉年华城
1530,华侨城东岸
1531,檀香花园
1532,协和花苑
1533,欣园二期
1534,阳曦芙蓉城
1535,华侨城原岸
1536,恒大西锦城
1537,协和花苑
1538,恒大曹家巷广场
1539,蓝光富丽碧蔓汀
1540,星辉西路8号院
1541,幸福枫景
1542,天地芳苑
1543,正成拉斐
1544,马鞍东路社区
1545,恒大曹家巷广场
1546,新绿苑
1547,城市绿舟花园
1548,交大智能九期
1549,蓝光金悦金沙
1550,德商新希望·国宾锦麟天玺
1551,华宇锦城名都
1552,凯瑞花都
1553,华欣园
1554,金房水韵天府
1555,香榭里公交苑
1556,恒大曹家巷广场
1557,绿地世纪城
1558,星辉西路8号院
1559,华侨城原岸
1560,金房水韵天府
1561,恒大曹家巷广场
1562,书香门第
1563,撷英卉苑
1564,沙湾东一路6号院
1565,水映兰庭
1566,远洋朗郡
1567,欣园二期
1568,恒大西锦城
1569,两河锦地
1570,华西园
1571,龙湖源著
1572,金地嘉年华城
1573,抚琴西路南一巷1号院
1574,保利梧桐语
1575,炎华置信花千集
1576,炎华置信花千集
1577,远洋朗郡
1578,金牛万达c组团
1579,金牛万达a组团
1580,北斗七星城
1581,水晶花园
1582,飞大壹号广场
1583,营中巷32号院
1584,首开龙湖紫宸
1585,金牛万达a组团
1586,中南樾府
1587,马鞍东路社区
1588,上层建筑
1589,华侨城原岸
1590,银沙公寓
1591,荣光巷2号院
1592,平福巷4号院
1593,金地嘉年华城
1594,瑞升城北橡树林
1595,檀香花园
1596,华侨城纯水岸一期
1597,绿地世纪城
1598,迎宾大道一号
1599,飞大壹号广场
1600,卓越云际
1601,恒大曹家巷广场公寓
1602,中环西岸观邸
1603,卓越云际
1604,白鸽岛尚
1605,炎华置信花千集
1606,恒大曹家巷广场
1607,金桔花园二期南苑
1608,保利国宾首府
1609,万科锦西润园
1610,华侨城天鹅堡
1611,恒大西锦城
1612,红旗巷5号院
1613,西西里二期
1614,德商新希望·国宾锦麟天玺
1615,西线阳光
1616,龙湖上城
1617,华西园
1618,卓越云际
1619,万科金域西岭
1620,书香门第
1621,金地嘉年华城
1622,首开龙湖紫宸
1623,北京城建龙樾熙城
1624,华侨城天鹅堡
1625,旭辉江山和鸣
1626,万科国宾润园
1627,正成拉斐
1628,华侨城东岸
1629,恒大曹家巷广场
1630,金都花园
1631,绿地世纪城
1632,锦泰世家
1633,白鸽岛尚
1634,佳乐云锦阁
1635,蓝光金悦金沙
1636,保利国宾首府
1637,万科金域西岭
1638,华侨城原岸
1639,百寿路9号院
1640,远洋朗郡
1641,飞大壹号广场
1642,金牛万达d组团
1643,云上观邸项目
1644,泰基花语廊
1645,香山苑
1646,蓝光金悦金沙
1647,龙湖北城天街一期
1648,中环西岸观邸
1649,西西里二期
1650,中南樾府
1651,瑞升城北橡树林
1652,金沙美邻一期
1653,天羽揽月
1654,远洋朗郡
1655,蓝光富丽碧蔓汀
1656,保利公园里
1657,恒大曹家巷广场
1658,绿杨新邨
1659,大院人家
1660,福祥家园瑞祥苑
1661,龙门镇
1662,仁和迎宾
1663,金沙国际花园
1664,佳乐云锦阁
1665,龙湖源著
1666,中环西岸观邸
1667,凯瑞花都
1668,蓝光富丽城
1669,恒大曹家巷广场
1670,龙湖源著别墅
1671,银沙北街91号院
1672,金地嘉年华城
1673,金地嘉年华城
1674,瑞升城北橡树林
1675,华侨城东岸
1676,华凌尚城
1677,黄忠三期
1678,工人村
1679,兴顺花苑
1680,西城天下
1681,金牛花园
1682,龙湖上城
1683,佳乐云锦阁
1684,德商新希望·国宾锦麟天玺
1685,恒大曹家巷广场
1686,大院人家
1687,抚琴南路小区
1688,德商新希望·国宾锦麟天玺
1689,恒福苑
1690,中南樾府
1691,金牛状元府邸
1692,树蓓街42号院
1693,卓越云际
1694,蓝光富丽碧蔓汀
1695,中南樾府
1696,华侨城天鹅堡
1697,锦城世家
1698,明阳家在回廊
1699,华侨城天鹅堡
1700,华侨城原岸
1701,中南樾府
1702,金牛万达d组团
1703,华侨城纯水岸二期
1704,银沙正街2号院
1705,华侨城天鹅堡
1706,蓝光富丽碧蔓汀
1707,龙湖上城
1708,华夏之家
1709,恒大曹家巷广场
1710,炎华置信花千集
1711,金牛万达d组团
1712,福林公寓
1713,正成拉斐
1714,西城公馆
1715,平安正街43号院
1716,金牛万达d组团
1717,绿洲华苑
1718,西西里二期
1719,蓝光云鼎
1720,中房北极星花园
1721,海滨苑
1722,水晶花园
1723,抚琴街北二巷3号院
1724,凤栖桐
1725,阳曦芙蓉城
1726,恒大曹家巷广场
1727,龙湖北城天街一期
1728,凯丽豪景
1729,电建地产洺悦府
1730,金盾苑
1731,德商新希望·国宾锦麟天玺
1732,和睦人家三期
1733,恒大西锦城
1734,蓝光富丽城
1735,德商新希望·国宾锦麟天玺
1736,东原亲亲里
1737,金沙国际花园
1738,旭辉江山和鸣
1739,九里西苑C区
1740,恒大曹家巷广场
1741,阳曦芙蓉城
1742,飞大壹号广场
1743,德意馨苑
1744,金房水韵天府
1745,中环西岸观邸
1746,瑞安城中汇
1747,水晶花园
1748,金房水韵天府
1749,中南樾府
1750,德商新希望·国宾锦麟天玺
1751,恒大曹家巷广场
1752,龙湖北城天街一期
1753,华侨城东岸
1754,龙湖源著
1755,万科金域西岭
1756,檀香花园
1757,尚锦城
1758,碧桂园城市花园
1759,保利梧桐语
1760,金地嘉年华城
1761,金牛万达a组团
1762,华侨城东岸
1763,龙湖源著
1764,华欣园
1765,金科苑中街103号院
1766,西线阳光
1767,远洋朗郡
1768,佳乐云锦阁
1769,恒大曹家巷广场
1770,阳曦芙蓉城
1771,青房天韵华庭
1772,西线阳光
1773,龙门镇
1774,阳曦芙蓉城
1775,恒大曹家巷广场
1776,九里欣园
1777,恒大曹家巷广场
1778,华侨城纯水岸三期
1779,华侨城纯水岸二期
1780,泉水人家三期A区
1781,府河苑
1782,檀香花园
1783,华侨城天鹅堡
1784,佳乐云锦阁
1785,金牛万达a组团
1786,百寿路2号院
1787,蓝光富丽碧蔓汀
1788,龙湖源著
1789,旭辉江山和鸣
1790,华侨城纯水岸二期
1791,电建地产洺悦玺
1792,黄忠二期
1793,旭辉江山和鸣
1794,阳曦芙蓉城
1795,恒大曹家巷广场
1796,北京城建龙樾熙城
1797,汇融名城
1798,正成拉斐
1799,恒大曹家巷广场
1800,锦城花园
1801,飞大壹号广场
1802,新熙门
1803,瑞安城中汇
1804,星辉东路19号院
1805,万科金域西岭
1806,华侨城东岸
1807,中环西岸观邸
1808,锦城世家
1809,保利梧桐语
1810,华宇锦城名都
1811,卓越云际
1812,首开龙湖紫宸
1813,蓝光云鼎
1814,解放西路22号院
1815,碧桂园城市花园
1816,佳乐云锦阁
1817,远洋朗郡
1818,佳乐云锦阁
1819,蓝光花满庭一期
1820,金沙别致
1821,旭辉江山和鸣
1822,飞大壹号广场
1823,西西里一期
1824,金牛万达d组团
1825,阳曦芙蓉城
1826,首开龙湖紫宸
1827,金牛万达c组团
1828,佳乐云锦阁
1829,一品荷花
1830,西西里一期
1831,绿地世纪城
1832,万科国宾润园
1833,华侨城原岸
1834,西城上域
1835,瑞升城北橡树林
1836,文华路14号院
1837,金牛万达c组团
1838,恒大曹家巷广场
1839,佳乐云锦阁
1840,金牛万达a组团
1841,恒大曹家巷广场
1842,锦西雅苑
1843,黄忠一期
1844,高家庄赞城
1845,同兴小区
1846,恒大曹家巷广场
1847,平福巷2号院
1848,西西里一期
1849,百佳庭院
1850,青房尚瑞天韵
1851,金地嘉年华城
1852,九里堤公交苑
1853,蓝光花满庭一期
1854,炎华置信花千集
1855,汇融名城
1856,尚锦城
1857,兴元花园
1858,华侨城原岸
1859,中环西岸观邸
1860,远洋朗郡
1861,府河苑
1862,万科锦西润园
1863,润泽园二期
1864,恒大曹家巷广场
1865,金鱼街60号院
1866,中南樾府
1867,和谐家园
1868,旭辉江山和鸣
1869,恒大曹家巷广场
1870,首开龙湖紫宸
1871,绿地世纪城
1872,书香门第
1873,蓝光富丽碧蔓汀
1874,华侨城东岸
1875,金科苑中街103号院
1876,佳乐云锦阁
1877,华侨城东岸
1878,华侨城东岸
1879,中南樾府
1880,成都N8天幕
1881,佳乐云锦阁
1882,福祥家园瑞福苑
1883,华西园
1884,成勘苑
1885,中环西岸观邸
1886,星辉西路8号院
1887,华侨城纯水岸二期
1888,飞大壹号广场
1889,高家庄赞城
1890,旭辉江山和鸣
1891,龙湖北城天街一期
1892,香山苑
1893,香山苑
1894,远洋朗郡
1895,和谐家园
1896,西西里二期
1897,旭辉江山和鸣
1898,成勘苑
1899,远洋朗郡
1900,明阳家在回廊
1901,马鞍北路8号院
1902,成勘苑
1903,千和馨城
1904,中南樾府
1905,百寿路7号院
1906,欣园二期
1907,人和逸景
1908,远洋朗郡
1909,金牛万达d组团
1910,金域港湾
1911,唯特郡
1912,卓越云际
1913,华侨城纯水岸208区
1914,马鞍东路社区
1915,西城星座
1916,恒大曹家巷广场
1917,金地嘉年华城
1918,华侨城东岸
1919,远洋朗郡
1920,红旗巷5号院
1921,飞大壹号广场
1922,保利国宾首府
1923,一品荷花
1924,华侨城原岸
1925,华侨城东岸
1926,西西里二期
1927,中南樾府
1928,府河苑
1929,恒大曹家巷广场
1930,书香门第
1931,恒大曹家巷广场
1932,润泽园一期
1933,万科金域西岭
1934,一品荷花
1935,金地嘉年华城
1936,恒大西锦城
1937,汇融名城
1938,三和花园
1939,和谐家园
1940,恒大曹家巷广场
1941,保利梧桐语
1942,红旗巷5号院
1943,智慧康城
1944,百寿路9号院
1945,檀香花园
1946,平福路92号院
1947,锦泰世家
1948,平景苑西区
1949,恒大曹家巷广场
1950,金沙御苑
1951,中环西岸观邸
1952,瑞安城中汇
1953,白鸽岛尚
1954,华侨城纯水岸一期
1955,中南樾府
1956,华侨城东岸
1957,中南樾府
1958,金牛万达a组团
1959,解放西路22号院
1960,中南樾府
1961,恒大西锦城
1962,金牛花园
1963,金琴路164号院
1964,华侨城原岸
1965,黄忠四期
1966,旭辉江山和鸣
1967,华侨城纯水岸二期
1968,万科金域西岭
1969,西线阳光
1970,电建地产洺悦玺
1971,高家庄赞城
1972,华侨城纯水岸二期
1973,华侨城纯水岸一期
1974,万通金牛新都会
1975,中加水岸
1976,恒大曹家巷广场
1977,华侨城原岸
1978,金地嘉年华城
1979,金沙御苑
1980,绿地世纪城
1981,中南樾府
1982,青羊小区(成都)
1983,万科锦西润园
1984,正成拉斐
1985,金沙美邻一期
1986,金地嘉年华城
1987,欣园二期
1988,天悦城
1989,万科锦西润园
1990,金地嘉年华城
1991,首开龙湖紫宸
1992,保利学府城
1993,新桥逸景C区
1994,中环西岸观邸
1995,西城天下
1996,瑞安城中汇
1997,蓝光富丽城
1998,单飞鑫雅苑
1999,花照壁小区
2000,中环西岸观邸
2001,华侨城原岸
2002,蜀通街10号院
2003,蜀通街10号院
2004,紫金乐章
2005,金牛万达a组团
2006,金牛万达b组团
2007,国宾时光汇
2008,北京城建龙樾熙城
2009,恒大曹家巷广场
2010,和谐家园
2011,和睦人家一期
2012,熙城国际
2013,西城天下
2014,金牛万达b组团
2015,蓝光富丽碧蔓汀
2016,龙门镇
2017,龙湖上城
2018,红旗巷5号院
2019,水岸汇景
2020,瑞安城中汇
2021,马鞍东路社区
2022,高家庄赞城
2023,悦民苑
2024,华侨城东岸
2025,绿地世纪城
2026,金地嘉年华城
2027,协和花苑
2028,恒大曹家巷广场
2029,凯瑞花都
2030,撷英卉苑
2031,欣园二期
2032,凯瑞花都
2033,水晶花园
2034,卓越云际
2035,保利国宾首府
2036,德商新希望·国宾锦麟天玺
2037,曹家巷恒大雅苑
2038,龙湖北城天街一期
2039,华侨城原岸
2040,飞大壹号广场
2041,香山苑
2042,蓝光富丽碧蔓汀
2043,福祥家园瑞祥苑
2044,卓越云际
2045,华侨城原岸
2046,龙湖上城
2047,金牛万达a组团
2048,西城公馆
2049,蓝光云鼎
2050,和睦人家三期
2051,蓝光富丽城
2052,金沙国际花园
2053,檀香花园
2054,华侨城东岸
2055,德意馨苑
2056,中环西岸观邸
2057,恒大曹家巷广场公寓
2058,曹家巷恒大雅苑
2059,瑞安城中汇
2060,水晶花园
2061,保利两河森林别墅
2062,中南樾府
2063,德商新希望·国宾锦麟天玺
2064,恒大曹家巷广场
2065,华侨城东岸
2066,龙湖源著
2067,万科金域西岭
2068,马鞍东路社区
2069,西线阳光
2070,阳曦芙蓉城
2071,九里西苑A区
2072,青房尚瑞天韵
2073,佳乐云锦阁
2074,恒大曹家巷广场
2075,佳乐云锦阁
2076,华侨城纯水岸二期
2077,阳曦芙蓉城
2078,飞大壹号广场
2079,首开龙湖紫宸
2080,中南樾府
2081,飞大壹号广场
2082,阳曦芙蓉城
2083,金牛万达c组团
2084,恒大曹家巷广场
2085,佳乐云锦阁
2086,中南樾府
2087,金牛万达a组团
2088,锦西雅苑
2089,高家庄赞城
2090,同兴小区
2091,平福巷2号院
2092,西西里一期
2093,百佳庭院
2094,青房尚瑞天韵
2095,金地嘉年华城
2096,蓝光花满庭一期
2097,锦泰世家
2098,炎华置信花千集
2099,汇融名城
2100,尚锦城
2101,兴元花园
2102,华侨城原岸
2103,中环西岸观邸
2104,远洋朗郡
2105,府河苑
2106,万科锦西润园
2107,润泽园二期
2108,恒大曹家巷广场
2109,金鱼街60号院
2110,中南樾府
2111,和谐家园
2112,旭辉江山和鸣
2113,瑞安城中汇
2114,恒大曹家巷广场
2115,首开龙湖紫宸
2116,绿地世纪城
2117,书香门第
2118,蓝光富丽碧蔓汀
2119,恒大曹家巷广场
2120,华侨城东岸
2121,金科苑中街103号院
2122,佳乐云锦阁
2123,华侨城东岸
2124,中南樾府
2125,成都N8天幕
2126,佳乐云锦阁
2127,华西园
2128,成勘苑
2129,星辉西路8号院
2130,高家庄赞城
2131,禾嘉利好
2132,龙湖北城天街一期
2133,蓝光花满庭一期
2134,金都花园
2135,华侨城纯水岸二期
2136,高家庄赞城
2137,旭辉江山和鸣
2138,德商新希望·国宾锦麟天玺
2139,龙湖北城天街一期
2140,香山苑
2141,香山苑
2142,百寿路7号院
2143,抚琴西南路12号院
2144,欣园二期
2145,恒大曹家巷广场
2146,金地嘉年华城
2147,恒大曹家巷广场
2148,一品荷花
2149,二环路北四段4号院
2150,恒大曹家巷广场
2151,保利梧桐语
2152,红旗巷5号院
2153,百寿路9号院
2154,北站东二路11号院
2155,曹家巷恒大雅苑
2156,电建地产洺悦玺
2157,恒大曹家巷广场
2158,中南樾府
2159,香山苑
2160,保利两河森林别墅
2161,华欣园
2162,青房尚瑞天韵
2163,华侨城纯水岸二期
2164,府青路一段34号院
2165,华侨城原岸
2166,檀香花园
2167,平福路92号院
2168,锦泰世家
2169,平景苑西区
2170,恒大曹家巷广场
2171,金沙御苑
2172,瑞安城中汇
2173,保利公园里
2174,新桥逸景B区
2175,蓝光花满庭一期
2176,旭辉江山和鸣
2177,恒大曹家巷广场
2178,青羊小区(成都)
2179,金地嘉年华城
2180,欣园二期
2181,瑞安城中汇
2182,西城天下
2183,单飞鑫雅苑
2184,华侨城纯水岸二期
2185,凯瑞花都
2186,华侨城原岸
2187,尚锦城
2188,花照壁小区
2189,中环西岸观邸
2190,华侨城原岸
2191,蜀通街10号院
2192,蜀通街10号院
2193,紫金乐章
2194,马鞍东路社区
2195,阳曦芙蓉城
2196,黄忠一期
2197,高家庄赞城
2198,平福巷2号院
2199,金地嘉年华城
2200,锦泰世家
2201,炎华置信花千集
2202,檀香花园
2203,锦泰世家
2204,华侨城纯水岸二期
2205,北京城建龙樾熙城
2206,金牛万达a组团
2207,青房尚瑞天韵
2208,华侨城纯水岸二期
2209,北京城建龙樾熙城
2210,金牛万达a组团
2211,青房尚瑞天韵
2212,华侨城纯水岸二期
2213,北京城建龙樾熙城
2214,金牛万达a组团
2215,青房尚瑞天韵
2216,华侨城纯水岸二期
2217,北京城建龙樾熙城
2218,金牛万达a组团
2219,青房尚瑞天韵
2220,华侨城纯水岸二期
2221,金牛万达a组团
2222,青房尚瑞天韵
2223,碧桂园城市花园
2224,华宇锦城名都
2225,龙湖北城天街一期
2226,金牛万达b组团
2227,远洋朗郡
2228,绿杨新邨
2229,恒大曹家巷广场
2230,首开龙湖紫宸
2231,龙湖北城天街一期
2232,禾嘉利好
2233,绿地世纪城
2234,格林尚元丽舍
2235,迎宾大道一号
2236,星辉西路8号院
2237,龙湖北城天街二期
2238,新和理想家
2239,九里教师苑
2240,恒大曹家巷广场
2241,福祥家园瑞福苑
2242,兴元花园
2243,保利梧桐语
2244,蓝光富丽城
2245,兴元绿洲
2246,龙门镇
2247,华侨城原岸
2248,香山苑
2249,德商新希望·国宾锦麟天玺
2250,龙湖上城
2251,金色阳光
2252,永陵路7号院
2253,华侨城原岸
2254,金地嘉年华城
2255,华侨城东岸
2256,保利梧桐语
2257,华侨城原岸
2258,电建地产洺悦府
2259,锦城花园
2260,德意馨苑
2261,华侨城原岸
2262,华侨城东岸
2263,瑞安城中汇
2264,中环西岸观邸
2265,金沙美邻一期
2266,华侨城东岸
2267,龙湖源著
2268,华宇锦城名都
2269,金牛万达d组团
2270,德商新希望·国宾锦麟天玺
2271,绿地世纪城
2272,水晶花园
2273,翠堤雅筑
2274,中南樾府
2275,龙湖上城
2276,平安正街43号院
2277,锦城花园
2278,龙门镇
2279,丽景湾
2280,明阳家在回廊
2281,马鞍东路社区
2282,德商新希望·国宾锦麟天玺
2283,华欣园
2284,蓝光富丽碧蔓汀
2285,育苗路14号院
2286,蓝光花满庭一期
2287,恒大曹家巷广场
2288,绿地世纪城
2289,白鸽岛尚
2290,恒大曹家巷广场
2291,一环路北三段2号院
2292,益民苑
2293,旭辉江山和鸣
2294,和谐家园
2295,绿地世纪城
2296,金科苑中街103号院
2297,蓝光富丽碧蔓汀
2298,西延锦绣
2299,远洋朗郡
2300,成勘苑
2301,金都花园
2302,华侨城原岸
2303,龙湖源著别墅
2304,恒大曹家巷广场
2305,抚琴西北街小区
2306,金牛万达d组团
2307,成勘苑
2308,中南樾府
2309,星辉西路8号院
2310,卓越云际
2311,佳乐云锦阁
2312,中房北极星花园
2313,紫桂花园
2314,华侨城原岸
2315,中南樾府
2316,中环西岸观邸
2317,龙湖西宸原著公寓
2318,香山苑
2319,德意馨苑
2320,德商新希望·国宾锦麟天玺
2321,锦泰世家
2322,恒大曹家巷广场
2323,电建地产洺悦府
2324,白鸽岛尚
2325,金牛万达d组团
2326,恒大曹家巷广场
2327,锦西雅苑
2328,华侨城天鹅堡
2329,恒大曹家巷广场
2330,北京城建龙樾熙城
2331,华侨城纯水岸一期
2332,马鞍北路51号院
2333,尚锦城
2334,绿杨新邨
2335,汇融名城
2336,龙湖北城天街一期
2337,蓝光富丽城
2338,华侨城原岸
2339,阳曦芙蓉城
2340,恒大曹家巷广场
2341,龙湖北城天街一期
2342,一环路北三段2号院
2343,金沙美邻丽雅苑
2344,金牛花园
2345,曹家巷恒大雅苑
2346,旭辉江山和鸣
2347,华侨城纯水岸三期
2348,锦西雅苑
2349,德商新希望·国宾锦麟天玺
2350,西线阳光
2351,双水康城A区
2352,金地嘉年华城
2353,远洋朗郡
2354,汇融名城
2355,金牛万达d组团
2356,中南樾府
2357,恒福苑
2358,瑞升城北橡树林
2359,龙湖上城
2360,沙河源上金府
2361,华侨城天鹅堡
2362,西锦国际一期
2363,汇融名城
2364,华侨城东岸
2365,旭辉江山和鸣
2366,幸福枫景
2367,金牛万达a组团
2368,万通金牛新都会
2369,瑞安城中汇
2370,旭辉江山和鸣
2371,瑞升城北橡树林
2372,明阳家在回廊
2373,澳林春天
2374,华侨城东岸
2375,恒大曹家巷广场
2376,蓝光富丽碧蔓汀
2377,水岸汇景
2378,天悦城
2379,龙湖上城
2380,蓝光富丽碧蔓汀
2381,营和街66号院
2382,远洋朗郡
2383,龙湖源著
2384,保利公园里别墅
2385,香山苑
2386,西西里二期
2387,佳乐云锦阁
2388,蓝光富丽碧蔓汀
2389,迎宾大道一号
2390,中环西岸观邸
2391,华侨城纯水岸三期
2392,蓝光花满庭一期
2393,马鞍东路社区
2394,营康西路184号院
2395,华侨城纯水岸一期
2396,华侨城纯水岸一期
2397,保利国宾首府
2398,绿杨新邨
2399,中环西岸观邸
2400,恒大曹家巷广场
2401,恒大曹家巷广场
2402,交大智能六期
2403,保利梧桐语
2404,旭辉江山和鸣
2405,绿地世纪城
2406,恒大曹家巷广场
2407,府河苑
2408,西西里一期
2409,龙湖北城天街一期
2410,中南樾府
2411,翡翠海湾
2412,锦汇花园
2413,蓝光富丽城
2414,西西里二期
2415,西城天下
2416,德商新希望·国宾锦麟天玺
2417,华侨城纯水岸一期
2418,营和街58号院
2419,华侨城原岸
2420,恒德路6号院
2421,瑞安城中汇
2422,佳乐云锦阁
2423,华侨城纯水岸二期
2424,龙湖西宸原著公寓
2425,工人村
2426,恒大西锦城
2427,华侨城原岸
2428,天地芳苑
2429,中南樾府
2430,中南樾府
2431,电建地产洺悦府
2432,中加水岸
2433,中环西岸观邸
2434,远洋朗郡
2435,西城丽舍
2436,恒大曹家巷广场
2437,华侨城东岸
2438,蜀光路8号院
2439,锦城世家
2440,绿地世纪城
2441,华侨城天鹅堡
2442,中南樾府
2443,金牛万达d组团
2444,树蓓巷1号院
2445,华侨城东岸
2446,旭辉江山和鸣
2447,华侨城纯水岸一期
2448,中南樾府
2449,金地嘉年华城
2450,恒大曹家巷广场
2451,润泽园二期
2452,华侨城东岸
2453,龙湖北城天街一期
2454,西西里一期
2455,书香门第
2456,蓝光公园悦府
2457,中南樾府
2458,星辉东路19号院
2459,兴元绿洲
2460,炎华置信花千集
2461,中南樾府
2462,中房北极星花园
2463,金牛万达d组团
2464,金沙别致
2465,正成拉斐
2466,龙湖北城天街一期
2467,北京城建龙樾熙城
2468,德商新希望·国宾锦麟天玺
2469,恒大西锦城
2470,青房尚瑞天韵
2471,龙湖北城天街二期
2472,恒大曹家巷广场
2473,阳光金沙
2474,中南樾府
2475,水岸汇景
2476,檀香花园
2477,保利梧桐语
2478,华侨城原岸
2479,宏源新居
2480,马鞍东路社区
2481,汇融名城
2482,绿地世纪城
2483,蓝光富丽碧蔓汀
2484,汇融名城
2485,旭辉江山和鸣
2486,金牛花园
2487,恒大曹家巷广场
2488,银沙北街91号院
2489,居然小区
2490,龙湖西宸原著公寓
2491,华西园
2492,德商新希望·国宾锦麟天玺
2493,西线阳光
2494,阳曦芙蓉城
2495,中南樾府
2496,龙湖上城
2497,星辉西路8号院
2498,星辉西路8号院
2499,恒大曹家巷广场
2500,水岸汇景
2501,华夏之家
2502,保利公园里别墅
2503,恒大曹家巷广场
2504,凯瑞花都
2505,阳曦芙蓉城
2506,瑞安城中汇
2507,恒大曹家巷广场
2508,紫金乐章
2509,旭辉江山和鸣
2510,恒大曹家巷广场
2511,电建地产洺悦府
2512,金地嘉年华城
2513,千和馨城
2514,德商新希望·国宾锦麟天玺
2515,华侨城纯水岸三期
2516,悦民苑
2517,锦城世家
2518,西西里一期
2519,西线阳光
2520,华侨城东岸
2521,蓝光富丽碧蔓汀
2522,德商新希望·国宾锦麟天玺
2523,华西园
2524,营通街181号院
2525,长虹天樾
2526,蓝光花满庭一期
2527,西西里一期
2528,保利国宾首府
2529,绿地世纪城
2530,抚琴街北二巷3号院
2531,西线阳光
2532,德商新希望·国宾锦麟天玺
2533,卓越云际
2534,华侨城纯水岸二期
2535,卓越云际
2536,保利两河森林别墅
2537,恒大曹家巷广场
2538,府河苑
2539,熙城国际
2540,绿地世纪城
2541,新熙门
2542,蓝光云鼎
2543,马鞍东路社区
2544,华侨城原岸
2545,马鞍西路小区
2546,明阳家在回廊
2547,中环西岸观邸
2548,恒大曹家巷广场
2549,云上观邸项目
2550,中南樾府
2551,正成拉斐
2552,金牛万达d组团
2553,同兴小区
2554,金牛万达d组团
2555,金地嘉年华城
2556,华侨城东岸
2557,瑞安城中汇
2558,龙湖北城天街一期
2559,居然小区
2560,熙城国际
2561,天地芳苑
2562,和谐家园
2563,大院人家
2564,蓝光花满庭一期
2565,金地嘉年华城
2566,马鞍东路社区
2567,中环西岸观邸
2568,华侨城原岸
2569,首开龙湖紫宸
2570,恒大曹家巷广场
2571,汇融名城
2572,水岸汇景
2573,电建地产洺悦玺
2574,华侨城纯水岸二期
2575,和谐家园
2576,曹家巷恒大雅苑
2577,华凌尚城
2578,青房尚瑞天韵
2579,华侨城纯水岸三期
2580,蓝光花满庭一期
2581,佳乐云锦阁
2582,中南樾府
2583,恒大曹家巷广场
2584,金牛万达c组团
2585,锦西民园
2586,万科锦西润园
2587,华夏之家
2588,蜀汉路488号院
2589,华侨城纯水岸三期
2590,保利梧桐语
2591,龙门镇
2592,华宇锦城名都
2593,西西里一期
2594,西体路8号院
2595,华侨城东岸
2596,华侨城纯水岸一期
2597,恒大曹家巷广场
2598,中南樾府
2599,金牛花园
2600,金都苑
2601,和谐家园
2602,西城星座
2603,蓝光富丽碧蔓汀
2604,保利梧桐语
2605,千和银杏
2606,华侨城原岸
2607,华侨城纯水岸208区
2608,蓝光富丽城
2609,瑞安城中汇
2610,华侨城东岸
2611,绿杨新邨
2612,曹家巷恒大雅苑
2613,龙门镇
2614,西城公馆
2615,华侨城纯水岸一期
2616,檀香花园
2617,旭辉江山和鸣
2618,泉水人家二期
2619,瑞升城北橡树林
2620,中南樾府
2621,两河锦地
2622,凯瑞花都
2623,万通金牛新都会
2624,中南樾府
2625,智慧康城
2626,瑞升城北橡树林
2627,营门口路小区136号院
2628,阳曦芙蓉城
2629,恒大曹家巷广场
2630,格林尚元丽舍
2631,金牛万达c组团
2632,迎宾大道一号
2633,远洋朗郡
2634,和睦人家三期
2635,华侨城原岸
2636,锦城世家
2637,中南樾府
2638,炎华置信花千集
2639,华侨城原岸
2640,锦泰世家
2641,金牛万达d组团
2642,抚琴街南四巷5号院
2643,兴元绿洲
2644,金域港湾
2645,绿洲华苑
2646,青房尚瑞天韵
2647,绿地世纪城
2648,佳乐云锦阁
2649,绿地世纪城
2650,新绿苑
2651,瑞安城中汇
2652,阳光金沙
2653,瑞安城中汇
2654,德商新希望·国宾锦麟天玺
2655,绿地世纪城
2656,炎华置信花千集
2657,恒大曹家巷广场
2658,首开龙湖紫宸
2659,恒大西锦城
2660,恒大曹家巷广场
2661,首开龙湖紫宸
2662,华侨城东岸
2663,佳乐云锦阁
2664,青房尚瑞天韵
2665,金牛万达b组团
2666,龙湖上城
2667,金都花园
2668,龙湖上城
2669,中南樾府
2670,西西里二期
2671,金牛万达b组团
2672,中南樾府
2673,碧桂园城市花园
2674,远洋朗郡
2675,绿地世纪城
2676,恒大曹家巷广场
2677,高家庄赞城
2678,金都花园
2679,保利两河森林别墅
2680,华夏之家
2681,青房尚瑞天韵
2682,恒大曹家巷广场
2683,金牛万达c组团
2684,香山苑
2685,正成拉斐
2686,西西里二期
2687,华侨城东岸
2688,东原亲亲里
2689,一品荷花
2690,檀香花园
2691,龙湖上城
2692,马鞍东路社区
2693,西城星座
2694,工人村
2695,首开龙湖紫宸
2696,旭辉江山和鸣
2697,全兴花园
2698,瑞安城中汇
2699,卓越云际
2700,华侨城天鹅堡
2701,佳乐云锦阁
2702,澳林春天
2703,明阳家在回廊
2704,恒大曹家巷广场
2705,解放路一段120号院
2706,西体路新二村社区
2707,马鞍东路社区
2708,金沙美邻一期
2709,新绿苑
2710,德商新希望·国宾锦麟天玺
2711,佳乐云锦阁
2712,汇融名城
2713,锦江岸
2714,恒大曹家巷广场
2715,西西里二期
2716,旭辉江山和鸣
2717,西线阳光
2718,中加水岸
2719,卓越云际
2720,华西园
2721,东原亲亲里
2722,龙湖源著别墅
2723,远洋朗郡
2724,芙蓉华庭
2725,远洋朗郡
2726,旭辉江山和鸣
2727,金牛万达d组团
2728,绿地世纪城
2729,天合凯旋港
2730,市委机关宿舍二期
2731,德商新希望·国宾锦麟天玺
2732,东原亲亲里
2733,恒大西锦城
2734,书香门第
2735,龙湖上城
2736,华侨城原岸
2737,马鞍北路51号院
2738,平安正街43号院
2739,北京城建龙樾熙城
2740,西西里二期
2741,新绿苑
2742,旭辉江山和鸣
2743,城北小区
2744,尚锦城
2745,华侨城天鹅堡
2746,华侨城原岸
2747,凯瑞花都
2748,阳曦芙蓉城
2749,恒大曹家巷广场
2750,禾嘉利好
2751,华侨城原岸
2752,旭辉江山和鸣
2753,抚琴街北二巷3号院
2754,高家庄赞城
2755,龙门镇
2756,府河苑
2757,西城天下
2758,星辉西路8号院
2759,西城天下
2760,金沙御苑
2761,阳光金沙
2762,首开龙湖紫宸
2763,绿杨新邨
2764,金沙美邻一期
2765,华侨城东岸
2766,恒大曹家巷广场
2767,曹家巷恒大雅苑
2768,恒大曹家巷广场
2769,电建地产洺悦府
2770,金沙国际花园
2771,恒大曹家巷广场
2772,恒大西锦城
2773,绿杨新邨
2774,马鞍东路社区
2775,树蓓巷1号院
2776,绿杨新邨
2777,飞大壹号广场
2778,旭辉江山和鸣
2779,华侨城天鹅堡
2780,德意馨苑
2781,曹家巷恒大雅苑
2782,首开龙湖紫宸
2783,金地嘉年华城
2784,华侨城东岸
2785,青房尚瑞天韵
2786,万基兰御
2787,水映兰庭
2788,北斗七星城
2789,禾嘉利好
2790,恒大曹家巷广场
2791,万科锦西润园
2792,瑞安城中汇
2793,华侨城纯水岸一期
2794,绿地世纪城
2795,绿地世纪城
2796,万科国宾润园
2797,华宇锦城名都
2798,马鞍北路51号院
2799,蓝光富丽城
2800,马鞍东路社区
2801,德商新希望·国宾锦麟天玺
2802,正成拉斐
2803,恒大曹家巷广场
2804,正成拉斐
2805,营通街181号院
2806,汇融名城
2807,金地嘉年华城
2808,金牛万达d组团
2809,华侨城东岸
2810,绿地世纪城
2811,双水康城A区
2812,恒大曹家巷广场
2813,西西里一期
2814,润泽园二期
2815,保利两河森林别墅
2816,育苗路14号院
2817,华宇锦城名都
2818,瑞安城中汇
2819,龙湖北城天街一期
2820,正成拉斐
2821,润泽园一期
2822,龙湖北城天街一期
2823,锦城世家
2824,翠堤雅筑
2825,九里西苑C区
2826,和睦人家一期
2827,马鞍东路社区
2828,恒大曹家巷广场
2829,保利公园里
2830,汇融名城
2831,恒大曹家巷广场
2832,保利两河森林
2833,光荣北路87号院
2834,恒大曹家巷广场
2835,和谐家园
2836,金地嘉年华城
2837,龙湖上城
2838,华侨城原岸
2839,万科金域西岭
2840,瑞升城北橡树林
2841,华宇锦城名都
2842,中南樾府
2843,恒大曹家巷广场
2844,华宇锦城名都
2845,华侨城纯水岸二期
2846,华侨城原岸
2847,营和街66号院
2848,水晶花园
2849,水晶花园
2850,金牛花园
2851,华侨城纯水岸一期
2852,华侨城纯水岸一期
2853,华侨城纯水岸一期
2854,德商新希望·国宾锦麟天玺
2855,华侨城天鹅堡
2856,银沙北街91号院
2857,恒大曹家巷广场
2858,西西里一期
2859,龙门镇
2860,正成拉斐
2861,恒大曹家巷广场
2862,明阳家在回廊
2863,禾嘉利好
2864,金牛万达b组团
2865,青房尚瑞天韵
2866,锦城世家
2867,龙湖北城天街一期
2868,西线阳光
2869,碧桂园城市花园
2870,营通街99号院
2871,西西里二期
2872,华侨城原岸
2873,恒大西锦城
2874,中加水岸
2875,锦鸿西苑
2876,解放西路22号院
2877,保利梧桐语
2878,星辉西路8号院
2879,恒大曹家巷广场
2880,德意馨苑
2881,保利学府城
2882,华侨城原岸
2883,万科锦西润园
2884,恒大曹家巷广场
2885,恒大曹家巷广场
2886,锦熙玉苑
2887,阳曦芙蓉城
2888,华侨城东岸
2889,蓝光富丽碧蔓汀
2890,西西里一期
2891,银沙新居
2892,金都花园
2893,九里西苑A区
2894,万科金域西岭
2895,瑞安城中汇
2896,正成拉斐
2897,西西里二期
2898,一环路北三段2号院
2899,外曹家巷23号院
2900,万科锦西润园
2901,华侨城东岸
2902,中南樾府
2903,香山苑
2904,万科国宾润园
2905,华侨城天鹅堡
2906,佳乐云锦阁
2907,中南樾府
2908,御都花园别墅
2909,金牛万达d组团
2910,电建地产洺悦玺
2911,金牛万达d组团
2912,华侨城天鹅堡
2913,绿地世纪城
2914,青羊小区(成都)
2915,恒大曹家巷广场
2916,汇融名城
2917,中南樾府
2918,恒大曹家巷广场
2919,泰基花语廊
2920,华侨城原岸
2921,九里堤南路86号院
2922,华侨城原岸
2923,德商新希望·国宾锦麟天玺
2924,中南樾府
2925,马鞍东路社区
2926,新桥逸景B区
2927,恒大西锦城
2928,水岸汇景
2929,尚锦城
2930,新天地民苑
2931,恒大曹家巷广场
2932,蓝光富丽碧蔓汀
2933,红旗巷5号院
2934,金牛万达a组团
2935,欣园二期
2936,中铁鹭岛艺术城
2937,幸福枫景
2938,德商新希望·国宾锦麟天玺
2939,金地嘉年华城
2940,华宇锦城名都
2941,树蓓街42号院
2942,九里教师苑
2943,金沙国际花园
2944,恒大曹家巷广场
2945,华侨城纯水岸一期
2946,筒车巷29号院
2947,恒大曹家巷广场
2948,龙湖北城天街一期
2949,龙门镇
2950,卓越云际
2951,城市绿舟花园
2952,旭辉江山和鸣
2953,中南樾府
2954,中南樾府
2955,万科锦西润园
2956,华侨城纯水岸二期
2957,星辉西路8号院
2958,华侨城东岸
2959,瑞安城中汇
2960,龙门镇
2961,营福巷84号院
2962,恒大曹家巷广场
2963,金牛万达b组团
2964,禾嘉利好
2965,锦江岸
2966,正成拉斐
2967,华侨城纯水岸二期
2968,飞大壹号广场
2969,马鞍东路社区
2970,高家庄赞城
2971,和睦人家三期
2972,中南樾府
2973,万科金域西岭
2974,金牛万达a组团
2975,前锋小区
2976,蓝光富丽碧蔓汀
2977,华侨城东岸
2978,前锋小区
2979,金都花园
2980,中南樾府
2981,燕宇康品
2982,五里墩中一巷11号院
2983,德商新希望·国宾锦麟天玺
2984,德商新希望·国宾锦麟天玺
2985,绿杨新邨
2986,锦泰世家
2987,金琴路164号院
2988,马鞍东路社区
2989,龙湖北城天街一期
2990,远洋朗郡
2991,西城天下
2992,金地嘉年华城
2993,龙湖源著
2994,恒大西锦城
2995,抚琴东北路2号院
2996,保利梧桐语
2997,卓越云际
2998,中南樾府
2999,千和馨城
3000,泰逸美景
3001,汇融名城
3002,锦西雅苑
3003,华侨城纯水岸二期
3004,西城天下
3005,恒大曹家巷广场
3006,金地嘉年华城
3007,白鸽岛尚
3008,恒大曹家巷广场
3009,抚琴西南街45号院
3010,龙湖源著
3011,金地嘉年华城
3012,恒大曹家巷广场
3013,金地嘉年华城
3014,华侨城纯水岸三期
3015,蓝光金悦金沙
3016,澳林春天
3017,远洋朗郡
3018,智慧康城
3019,中南樾府
3020,保利梧桐语
3021,恒大曹家巷广场
3022,金牛万达a组团
3023,燕宇康品
3024,天地芳苑
3025,华侨城东岸
3026,恒大曹家巷广场
3027,华夏之家
3028,万科锦西润园
3029,中南樾府
3030,中环西岸观邸
3031,龙湖上城
3032,旭辉江山和鸣
3033,新绿苑
3034,华侨城东岸
3035,恒大曹家巷广场
3036,北斗七星城
3037,平福路92号院
3038,德商新希望·国宾锦麟天玺
3039,龙湖上城
3040,保利公园里
3041,炎华置信花千集
3042,恒大西锦城
3043,龙湖北城天街一期
3044,中南樾府
3045,欣园二期
3046,佳乐云锦阁
3047,旭辉江山和鸣
3048,翡翠海湾
3049,幸福枫景
3050,中南樾府
3051,锦西民园
3052,青西路8号院
3053,远洋朗郡
3054,金牛万达a组团
3055,恒大西锦城
3056,华西园
3057,圃园路6号院
3058,东原亲亲里
3059,首开龙湖紫宸
3060,旭辉江山和鸣
3061,红帆风林假日
3062,华侨城天鹅堡
3063,中南樾府
3064,恒大曹家巷广场
3065,华侨城原岸
3066,德商新希望·国宾锦麟天玺
3067,西西里二期
3068,华侨城东岸
3069,红旗巷5号院
3070,蓝光富丽碧蔓汀
3071,蓝光富丽碧蔓汀
3072,龙湖源著
3073,成勘苑
3074,北京城建龙樾熙城
3075,中环西岸观邸
3076,福林公寓
3077,华侨城东岸
3078,白鸽岛尚
3079,金牛万达c组团
3080,北京城建龙樾熙城
3081,千和馨城
3082,阳曦芙蓉城
3083,华侨城纯水岸三期
3084,保利公园里
3085,中南樾府
3086,明阳家在回廊
3087,中南樾府
3088,恒大西锦城
3089,九里欣园
3090,福祥家园瑞康苑
3091,德商新希望·国宾锦麟天玺
3092,德商新希望·国宾锦麟天玺
3093,蓝光富丽城
3094,长久新城A区
3095,蓝光富丽碧蔓汀
3096,华侨城纯水岸二期
3097,晓初公寓
3098,前锋小区
3099,交大智能六期
3100,旭辉江山和鸣
3101,旭辉江山和鸣
3102,恒大曹家巷广场
3103,金牛万达d组团
3104,蓝光云鼎
3105,蓝光富丽碧蔓汀
3106,中南樾府
3107,华侨城原岸
3108,瑞安城中汇
3109,金地嘉年华城
3110,明阳家在回廊
3111,德商新希望·国宾锦麟天玺
3112,华侨城原岸
3113,恒大西锦城
3114,中南樾府
3115,恒大曹家巷广场
3116,华宇锦城名都
3117,金牛万达d组团
3118,檀香花园
3119,恒大西锦城
3120,中南樾府
3121,金都花园
3122,保利两河森林
3123,恒大曹家巷广场
3124,德商新希望·国宾锦麟天玺
3125,华侨城纯水岸二期
3126,工人村
3127,中环西岸观邸
3128,飞大壹号广场
3129,和谐家园
3130,新绿苑
3131,工人村
3132,金牛万达a组团
3133,马鞍东路社区
3134,金地嘉年华城
3135,中南樾府
3136,金牛万达b组团
3137,华西园
3138,恒大曹家巷广场
3139,欣园
3140,龙湖北城天街一期
3141,中房北极星花园
3142,绿洲华苑
3143,德商新希望·国宾锦麟天玺
3144,工人村
3145,金沙美邻一期
3146,佳乐云锦阁
3147,银沙正街70号院
3148,华侨城原岸
3149,西线阳光
3150,中南樾府
3151,两河锦地
3152,金房央座
3153,阳曦芙蓉城
3154,和谐家园
3155,明阳家在回廊
3156,华侨城纯水岸三期
3157,恒大曹家巷广场
3158,金地嘉年华城
3159,两河锦地
3160,旭辉江山和鸣
3161,华夏之家
3162,绿地世纪城
3163,保利公园里别墅
3164,金科苑中街103号院
3165,明阳家在回廊
3166,绿地世纪城
3167,飞大壹号广场
3168,卓越云际
3169,华侨城原岸
3170,金地嘉年华城
3171,西西里一期
3172,瑞安城中汇
3173,蓝光富丽碧蔓汀
3174,蓝光富丽碧蔓汀
3175,恒大曹家巷广场
3176,华侨城纯水岸一期
3177,华侨城纯水岸一期
3178,明阳家在回廊
3179,锦城花园
3180,绿地世纪城
3181,中南樾府
3182,抚琴西南路12号院
3183,红旗巷5号院
3184,金牛万达b组团
3185,金牛万达d组团
3186,西西里二期
3187,熙城国际
3188,青房尚瑞天韵
3189,保利梧桐语
3190,龙湖西宸原著公寓
3191,红旗巷5号院
3192,西城丽舍
3193,翠堤雅筑
3194,恒大曹家巷广场
3195,恒大曹家巷广场
3196,西西里二期
3197,金牛万达b组团
3198,恒大曹家巷广场
3199,金牛万达d组团
3200,中南樾府
3201,格林尚元丽舍
3202,德商新希望·国宾锦麟天玺
3203,德商新希望·国宾锦麟天玺
3204,北京城建龙樾熙城
3205,保利天汇
3206,西线阳光
3207,北京城建龙樾熙城
3208,华侨城纯水岸208区
3209,北京城建龙樾熙城
3210,中环西岸观邸
3211,华侨城东岸
3212,金地嘉年华城
3213,电建地产洺悦玺
3214,蓝光富丽碧蔓汀
3215,青房尚瑞天韵
3216,佳乐云锦阁
3217,青房尚瑞天韵
3218,五里墩东街143号院
3219,紫金乐章
3220,金都花园
3221,平福路122号院
3222,华侨城天鹅堡
3223,金沙御苑
3224,绿地世纪城
3225,和谐家园
3226,中南樾府
3227,华侨城纯水岸三期
3228,龙湖西宸原著
3229,西西里二期
3230,檀香花园
3231,百寿路9号院
3232,西城映画
3233,中加水岸
3234,恒大西锦城
3235,泰逸美景
3236,恒大曹家巷广场
3237,金科苑中街103号院
3238,保利公园里
3239,汇融名城
3240,龙湖北城天街二期
3241,华侨城原岸
3242,金地嘉年华城
3243,碧桂园城市花园
3244,蓝色空间
3245,和谐家园
3246,德商新希望·国宾锦麟天玺
3247,尚锦城
3248,高家庄赞城
3249,华侨城原岸
3250,佳乐云锦阁
3251,金牛万达广场
3252,保利公园里
3253,檀香花园
3254,华侨城原岸
3255,西西里二期
3256,远洋朗郡
3257,金地嘉年华城
3258,天地芳苑
3259,金牛花园
3260,府河苑
3261,华侨城原岸
3262,首开龙湖紫宸
3263,炎华置信花千集
3264,天合凯旋港
3265,抚琴西南路14号院
3266,平福里
3267,青房尚瑞天韵
3268,德商新希望·国宾锦麟天玺
3269,惠民苑
3270,人和逸景
3271,华欣园
3272,绿地世纪城
3273,旭辉江山和鸣
3274,金牛万达a组团
3275,华侨城纯水岸一期
3276,西城公馆
3277,首开龙湖紫宸
3278,白鸽岛尚
3279,交大众合华庭
3280,华侨城东岸
3281,星辉西路8号院
3282,德商新希望·国宾锦麟天玺
3283,金城商住楼
3284,恒大曹家巷广场
3285,金科苑路27号院
3286,旭辉江山和鸣
3287,曹家巷恒大雅苑
3288,凯瑞花都
3289,中南樾府
3290,远洋朗郡
3291,金色池塘
3292,正成拉斐
3293,中南樾府
3294,万科锦西润园
3295,华侨城东岸
3296,抚琴西路4号院
3297,阳曦芙蓉城
3298,金都花园
3299,绿地世纪城
3300,金牛万达d组团
3301,汇融名城
3302,华侨城东岸
3303,金地嘉年华城
3304,瑞安城中汇
3305,恒大曹家巷广场
3306,华西园
3307,德商新希望·国宾锦麟天玺
3308,蓝光富丽碧蔓汀
3309,龙门镇
3310,营福巷84号院
3311,德商新希望·国宾锦麟天玺
3312,阳曦芙蓉城
3313,恒大曹家巷广场
3314,水岸汇景
3315,中南樾府
3316,香山苑
3317,华侨城纯水岸二期
3318,德意馨苑
3319,德意馨苑
3320,华侨城原岸
3321,恒大曹家巷广场
3322,锦熙玉苑
3323,保利堂悦
3324,旭辉江山和鸣
3325,西城公馆
3326,中环西岸观邸
3327,龙湖北城天街一期
3328,恒大曹家巷广场
3329,瑞安城中汇
3330,锦熙玉苑
3331,蓝光富丽碧蔓汀
3332,市委机关宿舍二期
3333,金沙美邻一期
3334,龙湖北城天街一期
3335,电建地产洺悦府
3336,营和街17号院
3337,华侨城天鹅堡
3338,阳光金沙
3339,文家东巷17号院
3340,中南樾府
3341,金沙美邻丽雅苑
3342,百寿路7号院
3343,瑞安城中汇
3344,三友小区
3345,青羊小区(成都)
3346,中南樾府
3347,龙湖西宸原著公寓
3348,华欣园
3349,华侨城原岸
3350,中房北极星花园
3351,恒大曹家巷广场
3352,保利两河森林别墅
3353,绿地世纪城
3354,北京城建龙樾熙城
3355,华侨城纯水岸一期
3356,福林公寓
3357,绿杨新邨
3358,华侨城原岸
3359,远洋朗郡
3360,高家庄赞城
3361,千禧花园
3362,恒大曹家巷广场
3363,远洋朗郡
3364,明阳家在回廊
3365,锦泰世家
3366,恒大曹家巷广场
3367,西西里一期
3368,电建地产洺悦府
3369,绿地世纪城
3370,福祥家园瑞福苑
3371,金沙美邻一期
3372,华侨城东岸
3373,保利两河森林别墅
3374,蓝光富丽碧蔓汀
3375,一品天下C区
3376,佳乐云锦阁
3377,恒大曹家巷广场
3378,恒大曹家巷广场
3379,工人村
3380,抚琴南路小区
3381,恒大曹家巷广场
3382,华侨城纯水岸一期
3383,华侨城天鹅堡
3384,龙湖西宸原著
3385,北京城建龙樾熙城
3386,华侨城纯水岸一期
3387,华侨城原岸
3388,中南樾府
3389,千和馨城
3390,金牛万达b组团
3391,锦城世家
3392,旭辉江山和鸣
3393,恒大曹家巷广场
3394,东原亲亲里
3395,福祥家园瑞康苑
3396,北站东二路11号院
3397,益民苑
3398,蓝光富丽城
3399,德商新希望·国宾锦麟天玺
3400,光荣北路87号院
3401,绿地世纪城
3402,蓝光富丽城
3403,华侨城东岸
3404,曹家巷恒大雅苑
3405,华侨城天鹅堡
3406,金房央座
3407,金牛万达c组团
3408,炎华置信花千集
3409,星辉西路8号院
3410,绿地世纪城
3411,华侨城天鹅堡
3412,东原亲亲里
3413,黄忠二期
3414,西西里二期
3415,尚锦城
3416,西西里二期
3417,远洋朗郡
3418,工人村
3419,华侨城东岸
3420,中南樾府
3421,华侨城原岸
3422,悦民苑
3423,绿地世纪城
3424,泉水人家三期A区
3425,北京城建龙樾熙城
3426,禾嘉利好
3427,青房天韵华庭
3428,兴顺花苑
3429,中南樾府
3430,金牛状元府邸
3431,抚琴小区(金牛)
3432,佳乐云锦阁
3433,红旗巷5号院
3434,华侨城纯水岸二期
3435,平福巷4号院
3436,北星城
3437,和睦人家一期
3438,金牛万达d组团
3439,金牛万达c组团
3440,金牛万达c组团
3441,华侨城东岸
3442,富临沙河新城
3443,德商新希望·国宾锦麟天玺
3444,恒大曹家巷广场
3445,华侨城纯水岸三期
3446,金牛万达d组团
3447,金牛万达b组团
3448,华侨城东岸
3449,锦城世家
3450,汇融名城
3451,北星城
3452,德商新希望·国宾锦麟天玺
3453,华宇锦城名都
3454,抚琴街南三巷2号院
3455,恒大西锦城
3456,金沙国际花园
3457,阳曦芙蓉城
3458,万福苑金牛
3459,华侨城纯水岸三期
3460,前锋小区
3461,一品荷花
3462,青房尚瑞天韵
3463,黄忠四期
3464,华侨城天鹅堡
3465,蓝光富丽碧蔓汀
3466,明阳家在回廊
3467,翠堤雅筑
3468,保利梧桐语
3469,正成拉斐
3470,星辉东路19号院
3471,华侨城天鹅堡
3472,九里堤公交苑
3473,蓝光富丽碧蔓汀
3474,汇融名城
3475,金牛花园
3476,金牛万达d组团
3477,四季香榭
3478,中南樾府
3479,华侨城纯水岸二期
3480,华侨城纯水岸二期
3481,恒大曹家巷广场
3482,炎华置信花千集
3483,西西里二期
3484,金都花园
3485,阳曦芙蓉城
3486,飞大壹号广场
3487,恒大曹家巷广场
3488,华西园
3489,泰逸美景
3490,居然小区
3491,恒大曹家巷广场
3492,龙湖北城天街一期
3493,黄忠四期
3494,保利国宾首府
3495,金地嘉年华城
3496,阳曦芙蓉城
3497,益民苑
3498,站北苑
3499,旭辉江山和鸣
3500,首开龙湖紫宸
3501,懋园西沿风景
3502,抚琴西路南一巷1号院
3503,华侨城原岸
3504,华侨城纯水岸二期
3505,首开龙湖紫宸
3506,德商新希望·国宾锦麟天玺
3507,恒大曹家巷广场
3508,文华路14号院
3509,长虹天樾
3510,华侨城天鹅堡
3511,华侨城纯水岸一期
3512,恒大曹家巷广场
3513,佳乐云锦阁
3514,银沙正街70号院
3515,香山苑
3516,金房水韵天府
3517,西西里二期
3518,金都花园
3519,天地芳苑
3520,中南樾府
3521,德商新希望·国宾锦麟天玺
3522,青羊小区(成都)
3523,卓越云际
3524,文华路14号院
3525,北京城建龙樾熙城
3526,蓝光云鼎
3527,远洋朗郡
3528,水岸汇景
3529,营康西路29号院
3530,首开龙湖紫宸
3531,恒大曹家巷广场
3532,首开龙湖紫宸
3533,恒大曹家巷广场
3534,中南樾府
3535,青房天韵华庭
3536,中南樾府
3537,千和馨城
3538,金牛万达d组团
3539,瑞安城中汇
3540,黄忠一期
3541,旭辉江山和鸣
3542,金地嘉年华城
3543,瑞安城中汇
3544,德商新希望·国宾锦麟天玺
3545,西线阳光
3546,电建地产洺悦玺
3547,华西园
3548,欣园二期
3549,熙城国际
3550,龙门镇
3551,金地嘉年华城
3552,保利公园里
3553,欣民苑
3554,阳曦芙蓉城
3555,汇融名城
3556,华欣园
3557,西西里二期
3558,保利梧桐语
3559,富临沙河新城
3560,金牛万达a组团
3561,百寿路9号院
3562,青房尚瑞天韵
3563,蓝光富丽碧蔓汀
3564,西西里二期
3565,瑞升城北橡树林
3566,龙湖源著
3567,华侨城原岸
3568,西西里一期
3569,蓝光花满庭一期
3570,禾嘉利好
3571,中南樾府
3572,瑞安城中汇
3573,中环西岸观邸
3574,西城天下
3575,星辉西路8号院
3576,四季香榭
3577,金沙国际花园
3578,旭辉江山和鸣
3579,一环路北三段2号院
3580,万科国宾润园
3581,西线阳光
3582,旭辉江山和鸣
3583,中环西岸观邸
3584,华侨城纯水岸三期
3585,万科金域西岭
3586,福祥家园瑞祥苑
3587,和睦人家一期
3588,金房水韵天府
3589,中房北极星花园
3590,恒大曹家巷广场
3591,金沙国际花园
3592,绿地世纪城
3593,金牛万达a组团
3594,蓝光花满庭一期
3595,润泽园一期
3596,龙湖北城天街二期
3597,金牛万达b组团
3598,恒大曹家巷广场
3599,曹家巷恒大雅苑
3600,黄忠四期
3601,金沙美邻一期
3602,幸福枫景
3603,千和馨城
3604,恒大曹家巷广场
3605,天地芳苑
3606,金地嘉年华城
3607,金城丽景
3608,恒大曹家巷广场
3609,西西里一期
3610,营中巷32号院
3611,红旗巷5号院
3612,旭辉江山和鸣
3613,华侨城纯水岸二期
3614,电建地产洺悦府
3615,青房天韵华庭
3616,绿杨新邨
3617,恒大西锦城
3618,西西里二期
3619,星辉中路14号院
3620,华侨城东岸
3621,全兴花园
3622,华侨城原岸
3623,旭辉江山和鸣
3624,旭辉江山和鸣
3625,抚琴西北街小区
3626,华侨城原岸
3627,和谐家园
3628,龙门镇
3629,丽景湾
3630,瑞升城北橡树林
3631,卓越云际
3632,天合凯旋港
3633,德意馨苑
3634,禾嘉利好
3635,远洋朗郡
3636,华侨城纯水岸208区
3637,人和逸景
3638,高家庄赞城
3639,长虹天樾
3640,人和逸景
3641,金牛万达b组团
3642,金域港湾
3643,中南樾府
3644,华侨城天鹅堡
3645,碧桂园城市花园
3646,华侨城纯水岸二期
3647,金牛万达d组团
3648,阳曦芙蓉城
3649,华侨城纯水岸二期
3650,蜀汉路交警宿舍
3651,万福苑金牛
3652,瑞安城中汇
3653,旭辉江山和鸣
3654,白鸽岛尚
3655,马鞍东路社区
3656,恒大西锦城
3657,阳曦芙蓉城
3658,银沙新居
3659,阳曦芙蓉城
3660,德商新希望·国宾锦麟天玺
3661,营康西路29号院
3662,保利梧桐语
3663,电建地产洺悦玺
3664,华侨城纯水岸一期
3665,金牛万达c组团
3666,全兴花园
3667,正成拉斐
3668,蓝光富丽碧蔓汀
3669,飞大壹号广场
3670,凯瑞花都
3671,北京城建龙樾熙城
3672,澳林春天
3673,平福巷4号院
3674,正成拉斐
3675,恒大曹家巷广场
3676,金沙国际花园
3677,城市绿舟花园
3678,中南樾府
3679,蓝光富丽城
3680,凤栖桐
3681,抚琴西北街3号院
3682,万科金域西岭
3683,恒大西锦城
3684,欣园二期
3685,保利梧桐语
3686,白鸽岛尚
3687,首开龙湖紫宸
3688,金城丽景
3689,兴元花园
3690,炎华置信花千集
3691,北京城建龙樾熙城
3692,泰基花语廊
3693,金牛万达c组团
3694,旭辉江山和鸣
3695,金房星座
3696,金域港湾
3697,银沙新居
3698,金牛万达d组团
3699,瑞安城中汇
3700,保利堂悦
3701,德商新希望·国宾锦麟天玺
3702,唯特郡
3703,芙蓉华庭
3704,华侨城天鹅堡
3705,禾嘉利好
3706,九里西苑C区
3707,华侨城原岸
3708,华侨城天鹅堡
3709,金牛万达d组团
3710,营和街9号院
3711,龙湖上城
3712,青房尚瑞天韵
3713,蓝光富丽碧蔓汀
3714,远洋朗郡
3715,恒大曹家巷广场
3716,金牛万达d组团
3717,一环路北三段2号院
3718,阳曦芙蓉城
3719,恒大曹家巷广场
3720,水晶花园
3721,华侨城原岸
3722,北斗七星城
3723,德意馨苑
3724,安居苑
3725,悦民苑
3726,西城公馆
3727,金都花园
3728,旭辉江山和鸣
3729,正成拉斐
3730,曹家巷恒大雅苑
3731,沙河凤凰城
3732,佳乐云锦阁
3733,德商新希望·国宾锦麟天玺
3734,金地嘉年华城
3735,保利公园里
3736,龙门镇
3737,金沙国际花园
3738,金牛花园
3739,恒大曹家巷广场
3740,旭辉江山和鸣
3741,凯丽豪景
3742,龙湖源著
3743,德商新希望·国宾锦麟天玺
3744,旭辉江山和鸣
3745,金牛万达a组团
3746,旭辉江山和鸣
3747,恒大西锦城
3748,城市绿舟花园
3749,北站东二路11号院
3750,远洋朗郡
3751,恒业星园
3752,双水康城A区
3753,华侨城纯水岸一期
3754,马鞍东路社区
3755,首开龙湖紫宸
3756,星辉西路8号院
3757,佳乐云锦阁
3758,营康西路184号院
3759,中南樾府
3760,泉水南苑
3761,交大智能六期
3762,西延锦绣
3763,正成拉斐
3764,恒大曹家巷广场
3765,荣光巷1号院
3766,恒大曹家巷广场
3767,中环西岸观邸
3768,中环西岸观邸
3769,恒大曹家巷广场
3770,檀香花园
3771,恒大曹家巷广场
3772,府河苑
3773,锦汇花园
3774,智慧康城
3775,金牛花园
3776,中南樾府
3777,营门口路18号院
3778,北辰花园
3779,一品荷花
3780,和谐家园
3781,龙湖上城
3782,保利梧桐语
3783,星辉西路8号院
3784,中南樾府
3785,首开龙湖紫宸
3786,金都花园
3787,金牛万达c组团
3788,华侨城纯水岸三期
3789,翠堤雅筑
3790,营康西路184号院
3791,卓越云际
3792,和谐家园
3793,恒大曹家巷广场
3794,绿地世纪城
3795,水晶花园
3796,德商新希望·国宾锦麟天玺
3797,华侨城纯水岸三期
3798,华侨城纯水岸一期
3799,西线阳光
3800,锦城世家
3801,龙湖北城天街一期
3802,飞大壹号广场
3803,绿杨新邨
3804,金地嘉年华城
3805,华西园
3806,华侨城原岸
3807,金地嘉年华城
3808,中环西岸观邸
3809,华宇锦城名都
3810,恒大曹家巷广场
3811,中南樾府
3812,纯溪公寓
3813,黄忠二期
3814,成勘苑
3815,华侨城纯水岸二期
3816,水晶花园
3817,恒大曹家巷广场
3818,恒大西锦城
3819,华侨城东岸
3820,华侨城原岸
3821,华侨城纯水岸三期
3822,上层建筑
3823,华侨城东岸
3824,三和花园
3825,新和理想家
3826,旭辉江山和鸣
3827,华侨城东岸
3828,禾嘉利好
3829,青房尚瑞天韵
3830,中环西岸观邸
3831,金牛万达b组团
3832,金都花园
3833,华侨城纯水岸一期
3834,芙华新大陆
3835,金牛花园
3836,佳乐云锦阁
3837,恒大西锦城
3838,华宇锦城名都
3839,金城商住楼
3840,首开龙湖紫宸
3841,恒大曹家巷广场
3842,新熙门
3843,华侨城东岸
3844,电建地产洺悦玺
3845,佳乐云锦阁
3846,福祥家园瑞康苑
3847,润芝园
3848,龙湖上城
3849,同兴小区
3850,蓝光富丽碧蔓汀
3851,凯丽豪景
3852,华侨城天鹅堡
3853,金房水韵天府
3854,华侨城东岸
3855,卓越云际
3856,恒大曹家巷广场
3857,恒大曹家巷广场
3858,同兴小区
3859,迎宾大道一号
3860,金牛花园
3861,锋尚阳光
3862,阳曦芙蓉城
3863,保利梧桐语
3864,金牛万达d组团
3865,炎华置信花千集
3866,中环西岸观邸
3867,龙湖北城天街一期
3868,星辉西路8号院
3869,悦民苑
3870,平福里
3871,华侨城东岸
3872,首开龙湖紫宸
3873,蓝光富丽城
3874,华侨城天鹅堡
3875,西西里一期
3876,沙河凤凰城
3877,龙湖西宸原著
3878,水岸汇景
3879,银沙北街91号院
3880,金房苑月圆
3881,金牛万达c组团
3882,红旗巷5号院
3883,抚琴街南二巷小区
3884,益民苑
3885,金牛万达d组团
3886,万科国宾润园
3887,西西里一期
3888,电建地产洺悦府
3889,阳曦芙蓉城
3890,旭辉江山和鸣
3891,马鞍北路51号院
3892,旭辉江山和鸣
3893,欣园二期
3894,紫金花园
3895,华侨城纯水岸二期
3896,平福路92号院
3897,尚锦城
3898,绿地世纪城
3899,卓越云际
3900,曹家巷恒大雅苑
3901,攀乐苑
3902,普罗旺斯
3903,西线阳光
3904,首开龙湖紫宸
3905,新桥逸景B区
3906,欣民苑
3907,西西里二期
3908,瑞安城中汇
3909,华宇锦城名都
3910,华侨城纯水岸二期
3911,营和街17号院
3912,中南樾府
3913,正成拉斐
3914,金泉阳光雅新苑
3915,欣园二期
3916,德意馨苑
3917,格林尚元丽舍
3918,天羽揽月
3919,金牛万达d组团
3920,万科加州湾
3921,瑞安城中汇
3922,水晶花园
3923,汇融名城
3924,福林公寓
3925,龙湖北城天街一期
3926,卓越云际
3927,西西里二期
3928,禾嘉利好
3929,华侨城纯水岸三期
3930,金牛万达b组团
3931,红旗巷5号院
3932,一品荷花
3933,西线阳光
3934,华侨城纯水岸一期
3935,德意馨苑
3936,恒大曹家巷广场
3937,华侨城纯水岸一期
3938,中环西岸观邸
3939,香山苑
3940,中南樾府
3941,中南樾府
3942,金牛万达a组团
3943,瑞安城中汇
3944,华侨城原岸
3945,碧桂园城市花园
3946,保利两河森林别墅
3947,电建地产洺悦府
3948,华侨城纯水岸三期
3949,瑞安城中汇
3950,蓝光富丽碧蔓汀
3951,恒大曹家巷广场
3952,绿地世纪城
3953,旭辉江山和鸣
3954,万科金域西岭
3955,华侨城东岸
3956,千和馨城
3957,泰来小区
3958,远洋朗郡
3959,锦城世家
3960,佳乐云锦阁
3961,旭辉江山和鸣
3962,中南樾府
3963,飞大壹号广场
3964,锦城世家
3965,炎华置信花千集
3966,恒大西锦城
3967,恒大曹家巷广场
3968,西西里一期
3969,绿地世纪城
3970,瑞安城中汇
3971,华侨城纯水岸208区
3972,和睦人家三期
3973,西西里一期
3974,星辉中路10号院
3975,恒大曹家巷广场
3976,金牛万达d组团
3977,禾嘉利好
3978,恒大曹家巷广场
3979,佳乐云锦阁
3980,汇融名城
3981,德商新希望·国宾锦麟天玺
3982,德商新希望·国宾锦麟天玺
3983,瑞升城北橡树林
3984,金地嘉年华城
3985,芙蓉华庭
3986,远洋朗郡
3987,千和银杏
3988,华侨城原岸
3989,金地嘉年华城
3990,锦城世家
3991,蓝光公园悦府
3992,新天地
3993,金都花园
3994,祥和苑(金牛)
